-- MySQL dump 10.13  Distrib 8.0.22, for Linux (x86_64)
--
-- Host: localhost    Database: vk
-- ------------------------------------------------------
-- Server version	8.0.22-0ubuntu0.20.04.2

/*!40101 SET @OLD_CHARACTER_SET_CLIENT=@@CHARACTER_SET_CLIENT */;
/*!40101 SET @OLD_CHARACTER_SET_RESULTS=@@CHARACTER_SET_RESULTS */;
/*!40101 SET @OLD_COLLATION_CONNECTION=@@COLLATION_CONNECTION */;
/*!50503 SET NAMES utf8mb4 */;
/*!40103 SET @OLD_TIME_ZONE=@@TIME_ZONE */;
/*!40103 SET TIME_ZONE='+00:00' */;
/*!40014 SET @OLD_UNIQUE_CHECKS=@@UNIQUE_CHECKS, UNIQUE_CHECKS=0 */;
/*!40014 SET @OLD_FOREIGN_KEY_CHECKS=@@FOREIGN_KEY_CHECKS, FOREIGN_KEY_CHECKS=0 */;
/*!40101 SET @OLD_SQL_MODE=@@SQL_MODE, SQL_MODE='NO_AUTO_VALUE_ON_ZERO' */;
/*!40111 SET @OLD_SQL_NOTES=@@SQL_NOTES, SQL_NOTES=0 */;

--
-- Table structure for table `communities`
--

DROP TABLE IF EXISTS `communities`;
/*!40101 SET @saved_cs_client     = @@character_set_client */;
/*!50503 SET character_set_client = utf8mb4 */;
CREATE TABLE `communities` (
  `id` int unsigned NOT NULL AUTO_INCREMENT COMMENT 'Идентификатор сроки',
  `name` varchar(150) CHARACTER SET utf8 COLLATE utf8_unicode_ci NOT NULL COMMENT 'Название группы',
  `created_at` datetime DEFAULT CURRENT_TIMESTAMP COMMENT 'Время создания строки',
  `updated_at` datetime DEFAULT CURRENT_TIMESTAMP ON UPDATE CURRENT_TIMESTAMP COMMENT 'Время обновления строки',
  PRIMARY KEY (`id`),
  UNIQUE KEY `name` (`name`)
) ENGINE=InnoDB AUTO_INCREMENT=101 DEFAULT CHARSET=utf8 COLLATE=utf8_unicode_ci COMMENT='Группы';
/*!40101 SET character_set_client = @saved_cs_client */;

--
-- Dumping data for table `communities`
--

LOCK TABLES `communities` WRITE;
/*!40000 ALTER TABLE `communities` DISABLE KEYS */;
INSERT INTO `communities` VALUES (1,'laudantium','2016-05-28 04:19:03','2018-07-15 16:47:41'),(2,'veritatis','2015-01-12 20:30:39','2019-09-21 10:13:40'),(3,'quis','2012-06-22 06:50:03','2015-03-17 14:20:07'),(4,'tempore','2013-10-09 03:35:13','2016-07-20 09:22:12'),(5,'fugiat','2020-07-16 19:09:40','2020-11-17 22:41:37'),(6,'expedita','2019-11-13 16:48:11','2020-11-17 22:41:37'),(7,'nemo','2012-04-22 14:29:26','2020-11-17 22:41:37'),(8,'quisquam','2018-10-29 19:11:51','2020-11-17 22:41:37'),(9,'eligendi','2011-08-05 08:49:07','2012-04-21 05:51:50'),(10,'laboriosam','2013-01-17 05:53:09','2017-12-09 05:43:16'),(11,'doloribus','2014-05-22 15:40:33','2019-05-17 21:10:57'),(12,'quo','2014-05-08 13:44:15','2020-11-17 22:41:37'),(13,'aut','2016-10-06 00:46:03','2020-11-17 22:41:37'),(14,'qui','2020-02-08 09:03:05','2020-11-17 22:41:37'),(15,'officiis','2013-10-14 03:35:42','2016-02-01 06:28:12'),(16,'voluptate','2015-04-26 15:19:07','2018-12-02 16:19:19'),(17,'enim','2012-05-18 09:18:21','2016-06-24 17:38:20'),(18,'modi','2016-07-01 20:52:14','2020-03-15 16:45:40'),(19,'dolor','2019-08-23 16:06:14','2020-11-17 22:41:37'),(20,'sit','2016-07-01 20:57:35','2020-11-17 22:41:37');
/*!40000 ALTER TABLE `communities` ENABLE KEYS */;
UNLOCK TABLES;

--
-- Table structure for table `communities_users`
--

DROP TABLE IF EXISTS `communities_users`;
/*!40101 SET @saved_cs_client     = @@character_set_client */;
/*!50503 SET character_set_client = utf8mb4 */;
CREATE TABLE `communities_users` (
  `community_id` int unsigned NOT NULL COMMENT 'Ссылка на группу',
  `user_id` int unsigned NOT NULL COMMENT 'Ссылка на пользователя',
  `created_at` datetime DEFAULT CURRENT_TIMESTAMP COMMENT 'Время создания строки',
  PRIMARY KEY (`community_id`,`user_id`) COMMENT 'Составной первичный ключ'
) ENGINE=InnoDB DEFAULT CHARSET=utf8 COLLATE=utf8_unicode_ci COMMENT='Участники групп, связь между пользователями и группами';
/*!40101 SET character_set_client = @saved_cs_client */;

--
-- Dumping data for table `communities_users`
--

LOCK TABLES `communities_users` WRITE;
/*!40000 ALTER TABLE `communities_users` DISABLE KEYS */;
INSERT INTO `communities_users` VALUES (1,28,'2012-10-09 15:47:18'),(1,53,'2015-06-01 07:41:51'),(1,56,'2011-04-08 21:51:08'),(1,81,'2019-12-27 13:15:06'),(1,83,'2015-10-17 18:14:54'),(1,88,'2015-11-10 15:37:40'),(2,15,'2015-04-23 10:51:37'),(2,19,'2018-08-01 15:08:22'),(2,45,'2014-08-07 20:33:20'),(2,48,'2019-05-12 15:48:39'),(2,63,'2012-02-18 08:53:42'),(2,72,'2020-05-30 08:26:34'),(2,93,'2011-03-29 04:26:53'),(3,2,'2011-12-13 11:34:52'),(3,6,'2017-11-26 18:52:22'),(3,26,'2013-08-08 15:05:59'),(3,49,'2017-12-30 09:31:07'),(3,83,'2019-03-15 07:51:48'),(3,94,'2016-07-10 22:43:49'),(3,98,'2017-06-05 18:41:54'),(4,41,'2019-08-16 15:35:36'),(4,52,'2016-08-10 07:53:33'),(4,56,'2016-08-05 00:14:13'),(4,63,'2014-10-24 01:22:59'),(4,95,'2012-12-25 13:11:00'),(4,99,'2017-05-04 09:08:19'),(5,32,'2016-11-09 20:19:48'),(6,6,'2014-04-20 12:44:13'),(6,7,'2013-06-23 12:44:48'),(6,26,'2019-07-07 07:51:39'),(6,46,'2020-01-26 10:31:06'),(6,85,'2010-12-18 21:09:37'),(6,95,'2020-07-01 10:55:16'),(7,56,'2011-10-03 12:08:25'),(8,11,'2014-01-30 06:29:26'),(8,44,'2015-08-02 10:41:12'),(8,63,'2017-11-15 23:31:57'),(8,81,'2020-01-05 22:42:40'),(8,86,'2010-12-17 22:10:54'),(9,13,'2020-01-31 21:29:53'),(9,33,'2017-10-01 15:52:44'),(9,51,'2014-08-09 03:31:32'),(9,57,'2016-09-13 02:47:34'),(9,73,'2019-11-17 15:17:18'),(9,76,'2019-03-06 02:48:31'),(10,24,'2020-09-28 14:40:06'),(10,37,'2017-07-06 03:28:35'),(10,39,'2014-05-19 13:56:50'),(10,59,'2012-10-28 01:00:09'),(10,75,'2014-01-26 18:12:34'),(10,92,'2020-10-11 17:55:53'),(11,64,'2011-07-20 06:22:13'),(11,72,'2014-02-24 04:38:19'),(11,82,'2016-01-16 07:53:01'),(11,89,'2012-06-26 00:49:02'),(12,7,'2019-05-22 21:11:44'),(12,23,'2015-03-13 06:35:06'),(12,33,'2014-04-13 20:08:19'),(12,54,'2019-12-02 00:26:17'),(12,56,'2014-05-22 07:34:41'),(12,60,'2019-02-27 05:36:13'),(12,78,'2016-06-09 15:23:37'),(13,38,'2015-08-11 12:57:40'),(14,5,'2014-11-28 16:22:38'),(14,18,'2011-04-13 02:13:50'),(14,31,'2019-07-27 03:47:21'),(14,88,'2012-09-27 06:00:33'),(15,28,'2019-12-01 03:24:32'),(15,30,'2015-01-25 23:33:34'),(15,33,'2017-03-17 05:18:15'),(15,73,'2011-06-02 20:55:26'),(15,91,'2019-02-18 09:24:40'),(16,11,'2012-09-09 11:22:54'),(16,16,'2011-10-02 21:03:29'),(16,18,'2013-03-08 19:06:22'),(16,25,'2017-10-31 05:35:37'),(16,36,'2016-01-07 03:15:12'),(16,43,'2017-01-13 13:39:19'),(16,60,'2012-02-18 21:54:35'),(16,68,'2013-09-02 15:28:03'),(16,94,'2018-08-03 22:31:06'),(17,4,'2014-07-16 01:51:46'),(17,41,'2015-10-12 04:04:02'),(17,70,'2014-06-12 06:08:15'),(17,79,'2013-07-28 08:39:27'),(17,80,'2016-06-08 13:27:34'),(17,90,'2010-12-03 19:29:58'),(18,60,'2016-12-27 06:24:42'),(18,66,'2015-05-21 00:03:01'),(18,79,'2015-01-03 06:48:44'),(18,100,'2020-07-25 03:28:42'),(19,5,'2014-12-23 13:38:05'),(19,81,'2019-07-15 12:21:52'),(19,82,'2014-02-27 10:53:07'),(19,94,'2015-09-07 21:38:24'),(20,23,'2013-03-25 03:38:32'),(20,47,'2017-09-02 15:22:42'),(20,48,'2011-09-25 14:13:51'),(20,59,'2019-11-29 19:14:31'),(20,65,'2016-01-11 00:28:28');
/*!40000 ALTER TABLE `communities_users` ENABLE KEYS */;
UNLOCK TABLES;

--
-- Table structure for table `friendship`
--

DROP TABLE IF EXISTS `friendship`;
/*!40101 SET @saved_cs_client     = @@character_set_client */;
/*!50503 SET character_set_client = utf8mb4 */;
CREATE TABLE `friendship` (
  `user_id` int unsigned NOT NULL COMMENT 'Ссылка на инициатора дружеских отношений',
  `friend_id` int unsigned NOT NULL COMMENT 'Ссылка на получателя приглашения дружить',
  `status_id` int unsigned NOT NULL COMMENT 'Ссылка на статус (текущее состояние) отношений',
  `confirmed_at` datetime DEFAULT NULL COMMENT 'Время подтверждения приглашения',
  `created_at` datetime DEFAULT CURRENT_TIMESTAMP COMMENT 'Время создания строки',
  `updated_at` datetime DEFAULT CURRENT_TIMESTAMP ON UPDATE CURRENT_TIMESTAMP COMMENT 'Время обновления строки',
  PRIMARY KEY (`user_id`,`friend_id`) COMMENT 'Составной первичный ключ'
) ENGINE=InnoDB DEFAULT CHARSET=utf8 COLLATE=utf8_unicode_ci COMMENT='Таблица дружбы';
/*!40101 SET character_set_client = @saved_cs_client */;

--
-- Dumping data for table `friendship`
--

LOCK TABLES `friendship` WRITE;
/*!40000 ALTER TABLE `friendship` DISABLE KEYS */;
INSERT INTO `friendship` VALUES (1,46,3,'2020-11-17 22:35:16','2019-08-28 01:37:23','2020-11-17 22:35:16'),(1,76,2,'2018-10-16 13:09:29','2012-02-15 14:51:52','2020-11-17 22:31:03'),(2,69,3,'2020-11-17 22:35:16','2018-12-20 01:25:42','2020-11-17 22:35:16'),(3,9,2,'2018-04-10 14:31:31','2013-07-12 02:00:10','2020-11-17 22:31:03'),(3,58,1,'2019-05-06 23:18:30','2012-12-07 09:43:34','2020-11-17 22:31:03'),(5,6,3,'2020-11-17 22:35:16','2011-12-08 16:59:16','2020-11-17 22:35:16'),(5,13,2,'2016-11-16 10:15:41','2013-01-11 11:58:53','2020-11-17 22:37:02'),(6,2,2,'2018-01-17 02:33:50','2015-09-20 23:40:32','2020-11-17 22:31:03'),(6,73,1,'2020-11-17 22:35:16','2020-05-05 00:43:40','2020-11-17 22:35:16'),(8,41,3,'2020-11-17 22:35:16','2019-07-15 18:25:31','2020-11-17 22:35:16'),(8,53,1,'2020-11-17 22:35:16','2020-03-07 04:24:37','2020-11-17 22:35:16'),(9,12,1,'2013-04-06 15:21:17','2011-11-11 03:35:21','2020-11-17 22:31:03'),(9,43,3,'2020-11-17 22:35:16','2020-01-25 01:57:31','2020-11-17 22:35:16'),(10,39,3,'2020-11-17 22:35:16','2014-08-26 09:12:42','2020-11-17 22:35:16'),(11,96,2,'2017-10-16 11:34:05','2014-03-19 19:42:35','2020-11-17 22:31:03'),(12,26,3,'2015-04-01 21:27:35','2012-09-03 00:24:39','2020-11-17 22:31:03'),(14,90,1,'2020-11-17 22:35:16','2012-06-02 22:34:41','2020-11-17 22:35:16'),(15,3,3,'2020-11-17 22:35:16','2019-06-19 02:35:41','2020-11-17 22:35:16'),(16,22,1,'2020-11-17 22:35:16','2020-07-13 19:17:27','2020-11-17 22:35:16'),(17,1,2,'2020-01-16 19:40:24','2017-06-19 16:16:31','2020-11-17 22:31:03'),(19,62,1,'2011-08-23 19:41:19','2011-04-07 05:01:51','2020-11-17 22:31:03'),(19,72,1,'2020-08-25 23:36:13','2010-12-31 09:56:53','2020-11-17 22:37:02'),(22,2,1,'2020-11-17 22:35:16','2015-09-17 00:11:18','2020-11-17 22:35:16'),(22,89,1,'2020-02-10 00:53:11','2012-01-06 06:20:36','2020-11-17 22:31:03'),(23,31,1,'2015-10-07 02:02:32','2011-09-13 08:18:55','2020-11-17 22:31:03'),(23,42,2,'2020-11-17 22:35:16','2014-08-29 21:03:35','2020-11-17 22:35:16'),(23,61,2,'2019-06-20 01:36:05','2016-02-29 23:06:15','2020-11-17 22:31:03'),(24,17,3,'2020-11-17 22:35:16','2018-07-10 22:02:02','2020-11-17 22:35:16'),(25,85,1,'2020-11-17 22:35:16','2020-02-27 13:54:08','2020-11-17 22:35:16'),(26,26,1,'2020-11-17 22:35:16','2020-04-27 04:55:09','2020-11-17 22:35:16'),(26,44,1,'2020-05-12 22:20:06','2016-05-10 05:03:43','2020-11-17 22:31:03'),(26,67,1,'2018-04-21 20:00:36','2015-05-20 11:00:01','2020-11-17 22:31:03'),(27,12,3,'2019-08-25 11:47:52','2017-07-11 16:04:45','2020-11-17 22:31:03'),(27,94,3,'2020-11-17 22:35:16','2015-07-21 06:29:38','2020-11-17 22:35:16'),(28,1,1,'2018-10-13 06:22:46','2013-12-31 21:21:56','2020-11-17 22:31:03'),(28,100,1,'2017-10-15 17:36:22','2012-12-06 11:50:51','2020-11-17 22:31:03'),(30,29,1,'2017-03-10 10:52:53','2015-01-15 16:43:47','2020-11-17 22:31:03'),(30,58,3,'2020-11-17 22:35:16','2020-03-11 16:46:02','2020-11-17 22:35:16'),(31,10,1,'2020-11-17 22:35:16','2014-03-28 20:16:39','2020-11-17 22:35:16'),(31,28,2,'2014-04-03 22:07:44','2013-01-20 21:57:42','2020-11-17 22:31:03'),(31,68,3,'2015-11-11 03:21:29','2014-07-25 00:38:59','2020-11-17 22:31:03'),(31,94,2,'2020-11-17 22:35:16','2019-07-30 18:37:12','2020-11-17 22:35:16'),(33,53,1,'2020-11-17 22:35:16','2013-09-29 23:47:09','2020-11-17 22:35:16'),(34,83,2,'2020-11-17 22:35:16','2019-03-21 19:16:51','2020-11-17 22:35:16'),(34,89,1,'2020-11-17 22:35:16','2020-10-08 10:02:07','2020-11-17 22:35:16'),(38,9,2,'2013-10-10 06:07:44','2012-06-18 10:51:18','2020-11-17 22:31:03'),(39,39,1,'2017-04-29 21:14:02','2011-01-15 04:46:39','2020-11-17 22:31:03'),(39,45,1,'2016-12-12 05:42:28','2016-07-09 11:42:20','2020-11-17 22:31:03'),(39,77,3,'2020-11-17 22:35:16','2019-03-05 23:18:04','2020-11-17 22:35:16'),(39,81,3,'2020-11-17 22:35:16','2018-02-13 10:46:20','2020-11-17 22:35:16'),(40,95,3,'2019-05-29 21:24:35','2014-07-22 19:03:03','2020-11-17 22:31:03'),(42,54,3,'2020-11-17 22:35:16','2018-09-09 10:41:59','2020-11-17 22:35:16'),(42,77,2,'2018-08-16 14:45:44','2013-02-28 02:38:30','2020-11-17 22:37:02'),(42,78,1,'2020-11-17 22:35:16','2017-02-11 20:15:15','2020-11-17 22:35:16'),(44,46,1,'2014-11-20 04:11:50','2014-11-05 12:18:21','2017-07-05 04:02:32'),(47,72,3,'2020-11-17 22:35:16','2016-08-14 21:50:11','2020-11-17 22:35:16'),(48,55,2,'2018-04-04 10:23:11','2014-12-19 05:06:38','2020-11-17 22:31:03'),(49,50,3,'2020-11-17 22:35:16','2017-03-20 17:58:12','2020-11-17 22:35:16'),(50,63,2,'2020-11-17 22:35:16','2019-01-20 00:38:53','2020-11-17 22:35:16'),(51,9,2,'2015-04-13 07:53:39','2011-02-20 17:52:48','2020-11-17 22:31:03'),(51,73,2,'2020-04-18 11:43:22','2018-10-12 21:31:05','2020-11-17 22:31:03'),(51,74,3,'2020-11-17 22:35:16','2016-03-21 20:21:26','2020-11-17 22:35:16'),(52,7,1,'2020-11-17 22:35:16','2020-01-28 02:46:09','2020-11-17 22:35:16'),(53,18,3,'2020-11-17 22:35:16','2017-09-18 21:05:03','2020-11-17 22:35:16'),(53,24,3,'2015-07-28 04:40:28','2014-09-30 06:59:14','2020-11-17 22:31:03'),(59,31,3,'2020-10-04 20:45:45','2015-10-26 08:43:48','2020-11-17 22:31:03'),(59,37,1,'2018-10-20 17:55:42','2016-07-30 06:02:36','2020-11-17 22:31:03'),(59,75,1,'2018-03-21 14:24:36','2016-02-12 06:23:33','2020-11-17 22:37:02'),(59,86,2,'2019-09-21 11:35:35','2015-04-03 04:11:42','2020-11-17 22:31:03'),(61,80,3,'2015-10-31 02:36:00','2011-03-09 20:33:52','2020-11-17 22:31:03'),(61,81,2,'2019-03-31 12:45:27','2011-05-13 13:25:57','2020-11-17 22:31:03'),(62,98,1,'2020-11-17 22:35:16','2020-01-05 22:49:19','2020-11-17 22:35:16'),(64,21,3,'2020-11-17 22:35:16','2019-02-10 18:39:51','2020-11-17 22:35:16'),(65,18,3,'2020-11-17 22:35:16','2020-03-25 18:31:17','2020-11-17 22:35:16'),(66,6,1,'2020-11-17 22:35:16','2017-09-19 17:26:37','2020-11-17 22:35:16'),(66,95,3,'2020-11-17 22:35:16','2019-11-12 23:48:00','2020-11-17 22:35:16'),(66,98,1,'2019-10-11 05:03:05','2017-03-24 23:04:02','2020-11-17 22:31:03'),(68,78,1,'2020-11-17 22:35:16','2015-12-09 00:12:03','2020-11-17 22:35:16'),(69,56,2,'2020-11-17 22:35:16','2015-01-25 15:54:21','2020-11-17 22:35:16'),(74,41,2,'2020-11-17 22:35:16','2019-02-25 06:41:08','2020-11-17 22:35:16'),(75,18,3,'2020-11-17 22:35:16','2020-05-24 11:44:35','2020-11-17 22:35:16'),(75,27,1,'2020-11-17 22:35:16','2019-12-08 23:06:18','2020-11-17 22:35:16'),(75,79,1,'2020-11-17 22:35:16','2017-05-10 18:32:54','2020-11-17 22:35:16'),(75,89,1,'2020-11-17 22:35:16','2016-07-20 20:13:16','2020-11-17 22:35:16'),(76,15,2,'2015-04-10 18:13:46','2014-12-02 12:21:49','2020-11-17 22:31:03'),(76,82,2,'2020-09-01 22:56:56','2020-02-08 13:34:01','2020-11-17 22:31:03'),(78,36,2,'2020-11-17 22:35:16','2015-02-14 01:55:24','2020-11-17 22:35:16'),(79,56,1,'2016-01-31 03:37:17','2012-02-15 00:09:37','2020-11-17 22:31:03'),(81,4,1,'2020-11-17 22:35:16','2016-04-01 19:18:06','2020-11-17 22:35:16'),(82,12,1,'2020-11-17 22:35:16','2019-04-22 05:52:36','2020-11-17 22:35:16'),(84,68,3,'2015-01-13 02:10:02','2014-09-22 00:47:29','2020-11-17 22:31:03'),(85,37,1,'2020-11-17 22:35:16','2015-02-09 14:54:11','2020-11-17 22:35:16'),(91,33,2,'2020-11-17 22:35:16','2012-09-09 13:22:32','2020-11-17 22:35:16'),(92,51,2,'2016-10-15 11:07:52','2014-10-20 12:51:09','2018-01-23 19:19:10'),(95,9,1,'2019-07-05 15:01:19','2015-03-11 23:04:25','2020-11-17 22:37:02'),(96,2,3,'2020-11-17 22:35:16','2012-11-19 14:12:58','2020-11-17 22:35:16'),(97,29,3,'2020-11-17 22:35:16','2016-09-17 15:16:04','2020-11-17 22:35:16'),(99,27,2,'2016-10-08 18:42:07','2016-01-10 01:44:13','2020-11-17 22:31:03'),(100,40,1,'2020-11-17 22:35:16','2018-12-03 07:49:21','2020-11-17 22:35:16'),(100,75,3,'2015-05-04 21:59:10','2013-02-17 11:44:22','2020-11-17 22:31:03');
/*!40000 ALTER TABLE `friendship` ENABLE KEYS */;
UNLOCK TABLES;

--
-- Table structure for table `friendship_statuses`
--

DROP TABLE IF EXISTS `friendship_statuses`;
/*!40101 SET @saved_cs_client     = @@character_set_client */;
/*!50503 SET character_set_client = utf8mb4 */;
CREATE TABLE `friendship_statuses` (
  `id` int unsigned NOT NULL AUTO_INCREMENT COMMENT 'Идентификатор строки',
  `name` varchar(150) CHARACTER SET utf8 COLLATE utf8_unicode_ci NOT NULL COMMENT 'Название статуса',
  `created_at` datetime DEFAULT CURRENT_TIMESTAMP COMMENT 'Время создания строки',
  `updated_at` datetime DEFAULT CURRENT_TIMESTAMP ON UPDATE CURRENT_TIMESTAMP COMMENT 'Время обновления строки',
  PRIMARY KEY (`id`),
  UNIQUE KEY `name` (`name`)
) ENGINE=InnoDB AUTO_INCREMENT=4 DEFAULT CHARSET=utf8 COLLATE=utf8_unicode_ci COMMENT='Статусы дружбы';
/*!40101 SET character_set_client = @saved_cs_client */;

--
-- Dumping data for table `friendship_statuses`
--

LOCK TABLES `friendship_statuses` WRITE;
/*!40000 ALTER TABLE `friendship_statuses` DISABLE KEYS */;
INSERT INTO `friendship_statuses` VALUES (1,'Requested','2020-11-17 22:30:55','2020-11-17 22:30:55'),(2,'Confirmed','2020-11-17 22:30:55','2020-11-17 22:30:55'),(3,'Rejected','2020-11-17 22:30:55','2020-11-17 22:30:55');
/*!40000 ALTER TABLE `friendship_statuses` ENABLE KEYS */;
UNLOCK TABLES;

--
-- Table structure for table `media`
--

DROP TABLE IF EXISTS `media`;
/*!40101 SET @saved_cs_client     = @@character_set_client */;
/*!50503 SET character_set_client = utf8mb4 */;
CREATE TABLE `media` (
  `id` int unsigned NOT NULL AUTO_INCREMENT COMMENT 'Идентификатор строки',
  `user_id` int unsigned NOT NULL COMMENT 'Ссылка на пользователя, который загрузил файл',
  `filename` varchar(255) CHARACTER SET utf8 COLLATE utf8_unicode_ci NOT NULL COMMENT 'Путь к файлу',
  `size` int NOT NULL COMMENT 'Размер файла',
  `metadata` json DEFAULT NULL,
  `media_type_id` int unsigned NOT NULL COMMENT 'Ссылка на тип контента',
  `created_at` datetime DEFAULT CURRENT_TIMESTAMP COMMENT 'Время создания строки',
  `updated_at` datetime DEFAULT CURRENT_TIMESTAMP ON UPDATE CURRENT_TIMESTAMP COMMENT 'Время обновления строки',
  PRIMARY KEY (`id`),
  CONSTRAINT `media_chk_1` CHECK (json_valid(`metadata`))
) ENGINE=InnoDB AUTO_INCREMENT=101 DEFAULT CHARSET=utf8 COLLATE=utf8_unicode_ci COMMENT='Медиафайлы';
/*!40101 SET character_set_client = @saved_cs_client */;

--
-- Dumping data for table `media`
--

LOCK TABLES `media` WRITE;
/*!40000 ALTER TABLE `media` DISABLE KEYS */;
INSERT INTO `media` VALUES (1,83,'http://www.borer.biz//vk.30.mpegvk.56.avi',1628,'{\"owner\": \"Webster Rolfson\"}',1,'2011-10-25 03:01:47','2020-11-17 22:13:17'),(2,24,'http://www.lind.biz//vk.28.mpegvk.91.mpeg',1331,'{\"owner\": \"Gina Lakin\"}',3,'2014-10-22 19:49:30','2020-11-17 22:23:21'),(3,52,'http://harber.org//vk.12.jpegvk.71.mpeg',1174,'{\"owner\": \"Angelina Murphy\"}',3,'2019-04-01 06:55:52','2020-11-17 22:13:17'),(4,12,'http://gleasonbergstrom.org//vk.60.jpegvk.28.avi',1486,'{\"owner\": \"Wilhelmine Russel\"}',3,'2019-11-02 09:09:50','2020-11-17 22:23:21'),(5,44,'http://lakin.org//vk.59.avivk.77.mpeg',1867,'{\"owner\": \"Devin Fay\"}',1,'2017-10-16 11:47:37','2020-11-17 22:23:21'),(6,52,'http://barrowsleuschke.com//vk.66.avivk.20.mpeg',2840,'{\"owner\": \"Angelina Murphy\"}',3,'2012-11-11 08:42:36','2020-11-17 22:23:21'),(7,30,'http://rau.info//vk.38.avivk.96.png',3251,'{\"owner\": \"Myrtie Nolan\"}',3,'2019-05-21 19:17:39','2020-11-17 22:23:21'),(8,67,'http://www.hodkiewicz.com//vk.76.mpegvk.18.mpeg',1978,'{\"owner\": \"Jamison Braun\"}',3,'2013-06-25 11:10:41','2020-11-17 22:23:21'),(9,19,'http://www.halvorsonzulauf.com//vk.67.jpegvk.79.jpeg',585239,'{\"owner\": \"Destin McCullough\"}',1,'2014-02-06 03:53:41','2020-11-17 22:23:21'),(10,25,'http://www.osinskibergstrom.com//vk.79.avivk.3.mpeg',2721,'{\"owner\": \"Mya Bechtelar\"}',2,'2019-06-20 01:10:44','2020-11-17 22:13:17'),(11,22,'http://damore.com//vk.75.pngvk.64.mpeg',1575,'{\"owner\": \"Emilie Hauck\"}',3,'2018-04-01 11:39:01','2020-11-17 22:23:21'),(12,39,'http://www.jaskolski.com//vk.17.jpegvk.8.mpeg',563619,'{\"owner\": \"Nigel Shields\"}',2,'2012-06-22 16:50:46','2020-11-17 22:23:21'),(13,89,'http://dickiturner.com//vk.58.jpegvk.97.mpeg',3186,'{\"owner\": \"Trever Grant\"}',1,'2019-08-08 00:16:06','2020-11-17 22:23:21'),(14,34,'http://mayergottlieb.com//vk.42.avivk.90.mpeg',1532,'{\"owner\": \"Augustus Fritsch\"}',2,'2020-03-21 22:45:43','2020-11-17 22:23:21'),(15,15,'http://macejkovicstokes.biz//vk.27.jpegvk.97.mpeg',1288,'{\"owner\": \"Domenick Olson\"}',2,'2012-05-07 18:39:22','2020-11-17 22:23:21'),(16,27,'http://keelingbeatty.org//vk.3.mpegvk.56.mpeg',52377,'{\"owner\": \"Hattie Bernier\"}',3,'2020-10-27 15:09:58','2020-11-17 22:23:21'),(17,29,'http://stark.org//vk.22.jpegvk.24.avi',2425,'{\"owner\": \"Araceli Pagac\"}',1,'2015-02-04 01:49:46','2020-11-17 22:23:21'),(18,51,'http://www.christiansenquigley.com//vk.41.mpegvk.27.jpeg',1172,'{\"owner\": \"Ron Hodkiewicz\"}',2,'2013-04-08 05:52:58','2020-11-17 22:23:21'),(19,70,'http://marvin.com//vk.41.mpegvk.72.avi',1713,'{\"owner\": \"Adelia Runolfsson\"}',1,'2019-08-04 10:15:55','2020-11-17 22:13:17'),(20,29,'http://www.hettingerondricka.com//vk.62.jpegvk.26.mpeg',2999,'{\"owner\": \"Araceli Pagac\"}',3,'2020-07-17 10:19:07','2020-11-17 22:23:21'),(21,67,'http://binslang.com//vk.87.avivk.93.jpeg',1517,'{\"owner\": \"Jamison Braun\"}',1,'2013-01-04 11:59:12','2020-11-17 22:23:21'),(22,25,'http://batzwalker.org//vk.59.mpegvk.72.jpeg',1209,'{\"owner\": \"Mya Bechtelar\"}',3,'2015-05-05 01:52:43','2020-11-17 22:23:21'),(23,33,'http://www.vandervort.org//vk.12.avivk.98.jpeg',1960,'{\"owner\": \"Kathryn O\'Reilly\"}',1,'2011-04-11 12:10:52','2020-11-17 22:23:21'),(24,81,'http://zemlakoberbrunner.org//vk.19.jpegvk.92.png',561029,'{\"owner\": \"Francisco Waelchi\"}',2,'2019-12-18 03:16:18','2020-11-17 22:23:21'),(25,86,'http://www.hirthe.com//vk.26.avivk.71.jpeg',1438,'{\"owner\": \"Janice Grady\"}',1,'2019-06-21 05:54:40','2020-11-17 22:23:21'),(26,80,'http://hayesdurgan.com//vk.20.mpegvk.12.avi',638013,'{\"owner\": \"Deion Bins\"}',1,'2019-02-19 15:16:26','2020-11-17 22:23:21'),(27,72,'http://lynch.com//vk.49.mpegvk.57.avi',2961,'{\"owner\": \"Cortez Anderson\"}',2,'2015-02-23 07:09:32','2020-11-17 22:23:21'),(28,76,'http://hirthe.biz//vk.32.avivk.10.mpeg',1337,'{\"owner\": \"Hunter Lynch\"}',2,'2014-07-06 23:45:26','2020-11-17 22:23:21'),(29,58,'http://hoppe.info//vk.27.avivk.83.jpeg',496979,'{\"owner\": \"Josefina Batz\"}',2,'2013-09-16 23:22:43','2020-11-17 22:23:21'),(30,52,'http://www.dach.com//vk.3.avivk.11.png',2441,'{\"owner\": \"Angelina Murphy\"}',3,'2015-06-26 23:48:28','2020-11-17 22:23:21'),(31,72,'http://www.cronakuphal.org//vk.29.mpegvk.88.avi',1756,'{\"owner\": \"Cortez Anderson\"}',2,'2015-01-06 16:51:18','2020-11-17 22:23:21'),(32,75,'http://www.hessel.info//vk.4.jpegvk.4.png',560856,'{\"owner\": \"Cordie Ebert\"}',3,'2011-10-05 00:13:08','2020-11-17 22:23:21'),(33,76,'http://hand.com//vk.73.pngvk.61.jpeg',303345,'{\"owner\": \"Hunter Lynch\"}',3,'2017-04-04 16:28:20','2020-11-17 22:13:17'),(34,51,'http://kleinheidenreich.org//vk.17.jpegvk.47.png',2692,'{\"owner\": \"Ron Hodkiewicz\"}',3,'2011-06-07 22:48:39','2020-11-17 22:23:21'),(35,61,'http://www.trantow.com//vk.63.mpegvk.74.mpeg',824158,'{\"owner\": \"Ceasar Haley\"}',2,'2014-03-08 11:03:41','2020-11-17 22:23:21'),(36,67,'http://trantow.com//vk.37.pngvk.84.mpeg',2586,'{\"owner\": \"Jamison Braun\"}',2,'2017-02-05 06:08:43','2020-11-17 22:23:21'),(37,55,'http://www.bernhard.info//vk.68.pngvk.96.png',2389,'{\"owner\": \"Donato Kling\"}',1,'2018-10-13 12:21:01','2020-11-17 22:23:21'),(38,20,'http://west.org//vk.29.pngvk.22.mpeg',2483,'{\"owner\": \"Bella Romaguera\"}',2,'2014-11-07 20:16:25','2020-11-17 22:23:21'),(39,85,'http://www.turnertillman.com//vk.42.mpegvk.95.avi',1221,'{\"owner\": \"Garnet Kub\"}',3,'2014-03-14 12:31:50','2020-11-17 22:23:21'),(40,21,'http://emmerich.org//vk.37.jpegvk.27.png',2651,'{\"owner\": \"Roma Sipes\"}',3,'2014-07-05 19:33:37','2020-11-17 22:23:21'),(41,55,'http://www.mills.biz//vk.82.mpegvk.24.png',2762,'{\"owner\": \"Donato Kling\"}',2,'2019-03-28 16:52:51','2020-11-17 22:23:21'),(42,52,'http://wehner.com//vk.40.pngvk.57.jpeg',3226,'{\"owner\": \"Angelina Murphy\"}',2,'2013-02-19 05:52:38','2020-11-17 22:23:21'),(43,83,'http://murray.net//vk.15.mpegvk.49.jpeg',2381,'{\"owner\": \"Webster Rolfson\"}',2,'2020-02-25 23:23:26','2020-11-17 22:13:17'),(44,24,'http://simonis.com//vk.64.mpegvk.34.png',1457,'{\"owner\": \"Gina Lakin\"}',2,'2015-01-17 17:53:34','2020-11-17 22:23:21'),(45,20,'http://heathcote.info//vk.15.avivk.22.avi',2997,'{\"owner\": \"Bella Romaguera\"}',3,'2011-03-04 10:58:41','2020-11-17 22:23:21'),(46,21,'http://rempelkris.com//vk.79.pngvk.58.png',200754,'{\"owner\": \"Roma Sipes\"}',3,'2015-05-04 20:39:54','2020-11-17 22:23:21'),(47,78,'http://senger.com//vk.96.pngvk.89.mpeg',2823,'{\"owner\": \"Johnson Altenwerth\"}',3,'2014-08-11 19:27:12','2020-11-17 22:23:21'),(48,37,'http://goyette.com//vk.89.pngvk.68.jpeg',3071,'{\"owner\": \"Aliza Balistreri\"}',1,'2018-12-23 00:50:58','2020-11-17 22:23:21'),(49,68,'http://cassinwilliamson.com//vk.76.pngvk.65.mpeg',1436,'{\"owner\": \"Maxime Hoppe\"}',3,'2011-07-17 14:15:11','2020-11-17 22:23:21'),(50,68,'http://johnson.net//vk.70.mpegvk.8.mpeg',1244,'{\"owner\": \"Maxime Hoppe\"}',1,'2015-07-19 15:25:08','2020-11-17 22:23:21'),(51,51,'http://www.kreiger.com//vk.42.avivk.3.avi',3200,'{\"owner\": \"Ron Hodkiewicz\"}',3,'2017-11-30 02:16:02','2020-11-17 22:13:17'),(52,24,'http://tremblay.info//vk.70.mpegvk.82.jpeg',521298,'{\"owner\": \"Gina Lakin\"}',3,'2011-11-28 12:53:38','2020-11-17 22:13:17'),(53,46,'http://rippin.com//vk.10.mpegvk.32.avi',994226,'{\"owner\": \"Jamal Murphy\"}',2,'2016-02-27 00:52:09','2020-11-17 22:23:21'),(54,24,'http://www.stoltenbergrosenbaum.net//vk.34.avivk.19.mpeg',2286,'{\"owner\": \"Gina Lakin\"}',1,'2013-02-10 18:14:24','2020-11-17 22:23:21'),(55,54,'http://www.eichmannharvey.com//vk.23.avivk.10.jpeg',2040,'{\"owner\": \"Selmer Zieme\"}',1,'2015-12-02 07:43:08','2020-11-17 22:23:21'),(56,75,'http://ritchiewaters.com//vk.89.mpegvk.1.avi',2904,'{\"owner\": \"Cordie Ebert\"}',2,'2014-08-12 13:10:57','2020-11-17 22:23:21'),(57,56,'http://www.mckenzie.com//vk.70.pngvk.48.mpeg',2629,'{\"owner\": \"Dorthy Armstrong\"}',3,'2014-09-11 04:35:47','2020-11-17 22:23:21'),(58,91,'http://emmerich.com//vk.33.jpegvk.20.avi',2965,'{\"owner\": \"Anabelle Nikolaus\"}',1,'2011-12-12 21:26:38','2020-11-17 22:23:21'),(59,41,'http://www.becker.org//vk.11.pngvk.57.jpeg',397240,'{\"owner\": \"Jamil Boyle\"}',2,'2014-10-24 05:16:59','2020-11-17 22:23:21'),(60,84,'http://www.gibson.com//vk.51.mpegvk.34.avi',3198,'{\"owner\": \"Rory Legros\"}',1,'2016-10-21 10:37:42','2020-11-17 22:23:21'),(61,49,'http://www.willms.com//vk.9.jpegvk.20.avi',1571,'{\"owner\": \"Sigrid Steuber\"}',2,'2014-08-30 23:52:36','2020-11-17 22:23:21'),(62,62,'http://willms.com//vk.8.avivk.6.mpeg',3086,'{\"owner\": \"Silas Beahan\"}',1,'2015-10-04 04:07:42','2020-11-17 22:23:21'),(63,74,'http://www.mckenzieconn.info//vk.72.jpegvk.41.mpeg',2395,'{\"owner\": \"Ansley Kozey\"}',1,'2019-08-20 22:59:02','2020-11-17 22:23:21'),(64,97,'http://www.halvorson.com//vk.3.mpegvk.47.png',1265,'{\"owner\": \"Roselyn Schoen\"}',2,'2017-12-19 07:58:03','2020-11-17 22:13:17'),(65,14,'http://morar.biz//vk.3.jpegvk.95.mpeg',3179,'{\"owner\": \"Jovan Spinka\"}',1,'2011-03-02 20:53:09','2020-11-17 22:23:21'),(66,27,'http://www.heidenreichkessler.com//vk.99.pngvk.72.png',2761,'{\"owner\": \"Hattie Bernier\"}',3,'2011-09-22 04:40:37','2020-11-17 22:23:21'),(67,39,'http://effertz.com//vk.2.mpegvk.80.jpeg',993520,'{\"owner\": \"Nigel Shields\"}',3,'2012-03-04 08:47:47','2020-11-17 22:23:21'),(68,80,'http://www.quigley.org//vk.68.avivk.93.jpeg',765883,'{\"owner\": \"Deion Bins\"}',2,'2016-03-26 11:06:50','2020-11-17 22:23:21'),(69,96,'http://lockman.com//vk.94.avivk.50.png',1571,'{\"owner\": \"Brando Hilll\"}',1,'2013-11-20 11:20:48','2020-11-17 22:23:21'),(70,81,'http://flatley.org//vk.22.mpegvk.80.png',1081,'{\"owner\": \"Francisco Waelchi\"}',1,'2019-06-14 09:12:21','2020-11-17 22:23:21'),(71,27,'http://www.becker.com//vk.64.avivk.30.png',2033,'{\"owner\": \"Hattie Bernier\"}',2,'2019-12-23 09:04:53','2020-11-17 22:23:21'),(72,90,'http://www.schimmel.com//vk.66.jpegvk.50.jpeg',2043,'{\"owner\": \"Clemmie Gaylord\"}',3,'2020-10-10 23:38:29','2020-11-17 22:23:21'),(73,27,'http://prosacco.com//vk.67.mpegvk.12.png',2046,'{\"owner\": \"Hattie Bernier\"}',2,'2017-02-02 15:46:09','2020-11-17 22:23:21'),(74,36,'http://kuphal.com//vk.82.jpegvk.79.jpeg',3115,'{\"owner\": \"Lisandro Cronin\"}',1,'2015-06-22 11:03:50','2020-11-17 22:23:21'),(75,45,'http://www.stantonupton.com//vk.73.jpegvk.40.png',838855,'{\"owner\": \"Alicia Weber\"}',3,'2016-05-20 18:04:57','2020-11-17 22:23:21'),(76,53,'http://tillmanbrekke.com//vk.62.jpegvk.52.mpeg',886627,'{\"owner\": \"Maybelle Parker\"}',3,'2012-12-26 05:22:12','2020-11-17 22:23:21'),(77,66,'http://bartolettimante.com//vk.32.jpegvk.59.mpeg',1499,'{\"owner\": \"Laverne Kovacek\"}',2,'2012-05-15 22:19:51','2020-11-17 22:13:17'),(78,26,'http://www.rogahnpurdy.org//vk.26.jpegvk.25.png',3389,'{\"owner\": \"Karianne Conroy\"}',3,'2020-08-04 18:54:59','2020-11-17 22:23:21'),(79,93,'http://schamberger.com//vk.18.pngvk.31.mpeg',1647,'{\"owner\": \"Ressie Bernier\"}',1,'2018-03-26 04:54:04','2020-11-17 22:23:21'),(80,69,'http://www.hegmann.com//vk.27.avivk.60.avi',2627,'{\"owner\": \"Rafaela Powlowski\"}',3,'2016-03-07 04:54:48','2020-11-17 22:23:21'),(81,75,'http://www.brownnienow.com//vk.51.mpegvk.61.avi',2580,'{\"owner\": \"Cordie Ebert\"}',3,'2012-12-02 11:17:20','2020-11-17 22:23:21'),(82,92,'http://www.botsfordbechtelar.info//vk.15.avivk.89.jpeg',3339,'{\"owner\": \"Mitchell Schuster\"}',3,'2011-03-28 06:44:18','2020-11-17 22:13:17'),(83,2,'http://schuppe.net//vk.33.mpegvk.83.png',906571,'{\"owner\": \"Stuart Reichel\"}',2,'2019-08-30 19:51:32','2020-11-17 22:23:21'),(84,25,'http://weissnat.com//vk.17.mpegvk.95.jpeg',862974,'{\"owner\": \"Mya Bechtelar\"}',2,'2016-03-16 23:30:34','2020-11-17 22:23:21'),(85,24,'http://www.little.com//vk.87.avivk.98.mpeg',585157,'{\"owner\": \"Gina Lakin\"}',1,'2020-10-03 07:26:00','2020-11-17 22:23:21'),(86,54,'http://www.kuhnbrown.com//vk.18.jpegvk.91.mpeg',1512,'{\"owner\": \"Selmer Zieme\"}',1,'2018-03-25 08:41:00','2020-11-17 22:13:17'),(87,51,'http://torp.net//vk.92.pngvk.77.jpeg',3412,'{\"owner\": \"Ron Hodkiewicz\"}',2,'2016-12-11 04:00:35','2020-11-17 22:23:21'),(88,66,'http://ondrickaswaniawski.net//vk.77.mpegvk.99.avi',326864,'{\"owner\": \"Laverne Kovacek\"}',3,'2020-06-06 09:16:49','2020-11-17 22:23:21'),(89,55,'http://www.metz.org//vk.46.jpegvk.39.jpeg',3194,'{\"owner\": \"Donato Kling\"}',2,'2016-06-23 18:30:16','2020-11-17 22:13:17'),(90,57,'http://kunde.biz//vk.60.mpegvk.61.png',3438,'{\"owner\": \"Erwin Jast\"}',1,'2020-10-19 01:50:20','2020-11-17 22:13:17'),(91,39,'http://www.wildermanzboncak.com//vk.30.avivk.62.avi',868850,'{\"owner\": \"Nigel Shields\"}',3,'2012-01-12 00:39:56','2020-11-17 22:23:21'),(92,81,'http://www.dickinson.biz//vk.51.mpegvk.69.png',2194,'{\"owner\": \"Francisco Waelchi\"}',1,'2020-06-26 07:26:34','2020-11-17 22:23:21'),(93,88,'http://bradtkesenger.com//vk.44.pngvk.34.mpeg',1383,'{\"owner\": \"Vilma Robel\"}',2,'2016-10-25 19:00:27','2020-11-17 22:23:21'),(94,37,'http://www.jerdekeeling.info//vk.96.jpegvk.40.png',353657,'{\"owner\": \"Aliza Balistreri\"}',1,'2016-11-16 19:22:47','2020-11-17 22:23:21'),(95,98,'http://cartwright.org//vk.9.mpegvk.43.mpeg',1424,'{\"owner\": \"Rebecca Ebert\"}',2,'2012-01-28 11:59:26','2020-11-17 22:23:21'),(96,17,'http://www.hegmann.biz//vk.6.jpegvk.87.jpeg',2748,'{\"owner\": \"Rubye Rath\"}',1,'2016-04-21 10:42:02','2020-11-17 22:23:21'),(97,13,'http://www.west.info//vk.34.mpegvk.68.png',2896,'{\"owner\": \"Name Klein\"}',1,'2011-07-01 16:02:40','2020-11-17 22:23:21'),(98,29,'http://www.hermistonhand.biz//vk.83.avivk.24.mpeg',2635,'{\"owner\": \"Araceli Pagac\"}',3,'2017-12-08 02:42:27','2020-11-17 22:23:21'),(99,43,'http://www.schuppeconnelly.com//vk.29.jpegvk.2.avi',1511,'{\"owner\": \"Maudie DuBuque\"}',1,'2013-03-26 01:57:04','2020-11-17 22:13:17'),(100,21,'http://www.runolfsdottir.com//vk.54.jpegvk.97.png',2299,'{\"owner\": \"Roma Sipes\"}',3,'2020-06-26 08:30:55','2020-11-17 22:23:21');
/*!40000 ALTER TABLE `media` ENABLE KEYS */;
UNLOCK TABLES;

--
-- Table structure for table `media_types`
--

DROP TABLE IF EXISTS `media_types`;
/*!40101 SET @saved_cs_client     = @@character_set_client */;
/*!50503 SET character_set_client = utf8mb4 */;
CREATE TABLE `media_types` (
  `id` int unsigned NOT NULL AUTO_INCREMENT COMMENT 'Идентификатор строки',
  `name` varchar(255) CHARACTER SET utf8 COLLATE utf8_unicode_ci NOT NULL COMMENT 'Название типа',
  `created_at` datetime DEFAULT CURRENT_TIMESTAMP COMMENT 'Время создания строки',
  `updated_at` datetime DEFAULT CURRENT_TIMESTAMP ON UPDATE CURRENT_TIMESTAMP COMMENT 'Время обновления строки',
  PRIMARY KEY (`id`),
  UNIQUE KEY `name` (`name`)
) ENGINE=InnoDB AUTO_INCREMENT=4 DEFAULT CHARSET=utf8 COLLATE=utf8_unicode_ci COMMENT='Типы медиафайлов';
/*!40101 SET character_set_client = @saved_cs_client */;

--
-- Dumping data for table `media_types`
--

LOCK TABLES `media_types` WRITE;
/*!40000 ALTER TABLE `media_types` DISABLE KEYS */;
INSERT INTO `media_types` VALUES (1,'photo','2020-11-17 22:22:57','2020-11-17 22:22:57'),(2,'video','2020-11-17 22:22:57','2020-11-17 22:22:57'),(3,'audio','2020-11-17 22:22:57','2020-11-17 22:22:57');
/*!40000 ALTER TABLE `media_types` ENABLE KEYS */;
UNLOCK TABLES;

--
-- Table structure for table `messages`
--

DROP TABLE IF EXISTS `messages`;
/*!40101 SET @saved_cs_client     = @@character_set_client */;
/*!50503 SET character_set_client = utf8mb4 */;
CREATE TABLE `messages` (
  `id` int unsigned NOT NULL AUTO_INCREMENT COMMENT 'Типы медиафайлов',
  `from_user_id` int unsigned NOT NULL COMMENT 'Ссылка на отправителя сообщения',
  `to_user_id` int unsigned NOT NULL COMMENT 'Ссылка на получателя сообщения',
  `body` text CHARACTER SET utf8 COLLATE utf8_unicode_ci NOT NULL COMMENT 'Текст сообщения',
  `media_id` int unsigned DEFAULT NULL,
  `is_important` tinyint(1) DEFAULT NULL COMMENT 'Признак важности',
  `is_delivered` tinyint(1) DEFAULT NULL COMMENT 'Признак доставки',
  `created_at` datetime DEFAULT CURRENT_TIMESTAMP COMMENT 'Время создания строки',
  PRIMARY KEY (`id`)
) ENGINE=InnoDB AUTO_INCREMENT=101 DEFAULT CHARSET=utf8 COLLATE=utf8_unicode_ci COMMENT='Сообщения';
/*!40101 SET character_set_client = @saved_cs_client */;

--
-- Dumping data for table `messages`
--

LOCK TABLES `messages` WRITE;
/*!40000 ALTER TABLE `messages` DISABLE KEYS */;
INSERT INTO `messages` VALUES (1,99,26,'Provident tenetur possimus exercitationem. Ut modi adipisci ut. Nihil eligendi ipsa voluptas nisi quos maiores nihil. Ex impedit nam voluptas et non harum.',89,0,0,'2015-09-11 06:48:37'),(2,84,4,'Quo et eum repudiandae nemo qui nemo. Adipisci voluptatem et dicta eum. Dolorem doloremque doloribus doloremque accusantium.',46,0,1,'2012-09-02 01:14:31'),(3,16,43,'Voluptatibus qui facilis ut aspernatur laudantium. Consequatur unde dignissimos facilis nobis quod sed ut. Excepturi magnam repellat ipsam. Ratione et voluptatem ipsum debitis ab omnis.',59,1,1,'2016-12-03 23:17:28'),(4,25,84,'Saepe et quis ut tenetur sed. Quam ut aliquid consequatur non officiis. Omnis optio accusamus saepe hic velit nihil libero. Quas debitis possimus veniam distinctio quasi et.',58,1,0,'2011-01-21 20:22:04'),(5,78,75,'Illo nihil praesentium molestias laudantium ut. Alias soluta dolores consequatur est est eos similique. Eaque modi illum nemo qui unde soluta dolor.',14,0,0,'2020-09-06 05:31:07'),(6,93,94,'Autem quis voluptatem rerum. Cumque mollitia natus amet et eveniet ut nesciunt. Et iusto a quo sit.',94,0,1,'2018-09-14 22:16:59'),(7,25,18,'In tempora et quam dicta officia fugiat. Ipsum mollitia vel fuga vel sapiente animi eius. Ducimus consequatur sunt eum.',26,1,0,'2015-10-12 18:48:59'),(8,78,44,'Asperiores quasi accusantium aliquid magni rerum voluptas veniam. Blanditiis impedit dolor saepe voluptatibus reiciendis perspiciatis ratione. Est voluptas aut nihil voluptatem cupiditate et officiis.',49,0,1,'2013-05-18 09:17:16'),(9,92,16,'Est et in odio voluptas aliquam dolorem eaque. Eum voluptatem nihil id voluptatum. Est sunt cum hic doloremque quaerat ut. Atque aut harum ipsam.',65,0,1,'2011-04-29 13:36:47'),(10,97,90,'Sit ut eveniet nulla laboriosam minus laboriosam. Sit sunt aliquam tenetur quam sit suscipit. Et et non et quas harum iure ullam.',78,0,0,'2014-10-16 05:59:43'),(11,98,74,'Voluptas aspernatur nihil porro dignissimos unde impedit ea. Illum maxime velit alias et nihil culpa nemo. Asperiores aut atque at explicabo et.',96,1,0,'2011-06-10 00:51:26'),(12,77,67,'Aut qui molestiae omnis aut. Iusto et architecto aliquid atque est. Aperiam sit cumque praesentium id ad voluptatem illum porro. Perferendis ullam molestiae soluta hic laboriosam.',45,0,1,'2020-03-28 00:51:01'),(13,73,43,'Repellat quas rem dignissimos doloribus qui placeat perferendis. Aut aut deleniti eos nemo odio. Similique harum placeat molestias explicabo deleniti minima tempore. Neque eos fuga non ipsam dolorem vel.',37,1,0,'2011-10-10 13:34:00'),(14,91,1,'Molestias corrupti labore hic ipsum sed sequi. Possimus aliquid voluptatibus cupiditate qui necessitatibus consectetur. Sint reprehenderit officiis itaque ullam aspernatur consequatur. Iste illum soluta iure.',48,0,1,'2011-03-17 18:28:15'),(15,95,61,'Omnis perferendis sit vel consequatur. Et dolores quis deleniti sed quia consequatur sapiente nobis. Quo deserunt ut ab necessitatibus officia numquam ab. Dolorem dolores quae maxime alias ab cupiditate molestiae.',30,0,0,'2014-01-02 00:32:52'),(16,40,97,'Qui voluptatem voluptas veniam hic ea. Quaerat quia quaerat ut perferendis quos consequatur recusandae enim. Quisquam facere dolor ut omnis qui quia. Necessitatibus sapiente modi ad doloremque aperiam.',7,0,1,'2016-01-28 12:47:42'),(17,71,80,'Ad rem rerum at suscipit nihil debitis. Eos veritatis recusandae minima non. Facilis quo sed voluptatem libero consectetur. Aliquam officiis mollitia nisi quidem quia.',42,0,1,'2011-04-30 20:54:42'),(18,42,38,'Consequuntur ut voluptatem corporis recusandae quis quam. Praesentium nobis et a explicabo officiis ratione quo. Pariatur dicta aut quam totam odit tenetur sed sit. Voluptatem inventore dolorem harum eum quidem.',90,0,0,'2014-01-27 09:28:38'),(19,52,87,'Aperiam cupiditate quo unde placeat excepturi. Tempore quibusdam ipsa et asperiores autem. Ipsam ut alias nihil quasi aut iste provident.',23,1,0,'2019-08-07 23:05:23'),(20,58,77,'Est qui voluptatem et deserunt sunt. Et reprehenderit ut sint ad. Et quo minima veniam earum atque magnam asperiores. Repellat dicta ullam vitae rerum reiciendis.',46,1,1,'2015-01-03 02:35:41'),(21,29,7,'Quam adipisci nam non aliquid distinctio unde. Aliquid et omnis ab quia soluta. Est fuga nihil et sit autem iure non laboriosam. Rem rerum magni esse.',58,1,0,'2016-04-14 13:35:58'),(22,86,35,'Magni officia sit qui quia fugit temporibus ut. Alias dolor maiores fugiat in voluptate. Voluptatem perspiciatis enim rerum et quos sed.',53,0,1,'2018-03-05 21:41:25'),(23,32,81,'Amet esse sed quia voluptate perspiciatis. Aperiam animi iste eum et. Enim vel qui labore eaque ut error saepe.',91,0,1,'2015-10-11 23:26:08'),(24,21,87,'Placeat est iste dolorem consequatur dolor ad ea dolores. Voluptatum molestiae et perspiciatis voluptas ullam. Cum veritatis culpa quam sint voluptatem. Voluptatem aspernatur est magni nostrum.',96,0,0,'2015-10-08 20:16:59'),(25,2,44,'Ut et odit reiciendis sint in. Accusamus quis odit quas ullam modi voluptatem ut. Consequatur voluptatibus et perferendis.',8,1,0,'2015-05-07 22:36:04'),(26,48,49,'Reprehenderit qui porro ipsum accusamus accusamus ut magnam. Nihil sunt culpa sint consectetur occaecati aperiam. Voluptatibus in est ab et tempore nostrum rerum quos. Facere quasi nisi aut perspiciatis qui et.',49,1,1,'2020-02-25 20:37:06'),(27,93,53,'Rerum velit qui in dolor. Unde voluptate beatae provident et. Et ut exercitationem sit commodi eius autem.',22,0,1,'2017-02-11 06:09:08'),(28,32,86,'Doloremque qui pariatur nihil adipisci est id. Dolores veritatis dignissimos sapiente sit sequi et. Consequatur voluptas dolores numquam corrupti rerum nulla fugit. Porro quisquam voluptatibus incidunt quas maiores autem sunt.',60,1,0,'2013-03-09 05:35:19'),(29,51,40,'At excepturi nisi temporibus aut. Nobis et enim dignissimos quisquam dolor. Ut et ab explicabo maiores dolorem officiis ut.',35,1,0,'2018-09-30 03:20:03'),(30,87,18,'Vel tempora at ipsam. Architecto vel cumque similique culpa. Harum odio ipsa rerum.',94,0,1,'2013-12-27 03:21:07'),(31,87,67,'Iusto consequatur sunt molestiae aut quod. Molestiae dolor earum consequatur quod ut optio fuga. Autem perspiciatis at est.',67,0,0,'2018-11-14 12:48:07'),(32,66,66,'Beatae molestias culpa assumenda voluptatem sit aut perferendis. In explicabo nisi voluptatem rem aspernatur quidem. Voluptas iste et adipisci.',49,1,1,'2018-10-20 09:18:35'),(33,61,68,'Nulla quis quia tempore. Ut quae dignissimos laboriosam vel et. Similique aut quam veritatis odit autem corporis dolore. Et commodi iure consequatur nihil exercitationem autem laborum suscipit.',46,0,0,'2014-04-17 14:40:10'),(34,5,95,'Magnam delectus unde quisquam qui unde voluptatibus nam. Error qui unde quas sed odit. Nihil blanditiis recusandae aut est accusantium. Excepturi et omnis molestiae velit labore.',82,1,1,'2020-09-04 05:30:28'),(35,16,96,'Sapiente ullam ipsam quos veniam cum. In iure ullam voluptas atque soluta culpa. Corporis aut illum rem nesciunt provident amet. Sequi ipsum asperiores fuga quo est.',71,0,0,'2014-01-26 07:26:05'),(36,19,68,'Quis autem nemo iure dignissimos earum. Autem sit est deserunt beatae ea tempora est. Quas ut qui quidem vitae.',9,1,1,'2013-12-21 02:52:30'),(37,5,10,'Nam doloremque ipsum autem sapiente consectetur voluptatem quia. Quasi sit quae illum fuga ad vero. Et deleniti reiciendis minima non nostrum molestiae distinctio. Soluta consequuntur ut possimus reprehenderit vel officiis.',31,0,0,'2014-09-09 17:32:17'),(38,65,28,'Voluptates quia itaque expedita. Rem vero magnam voluptatem qui. At nihil voluptatem quae perferendis qui. Corporis nulla magnam voluptates debitis quia nostrum accusantium. Id sed qui aspernatur quas dolorem.',29,1,1,'2011-02-11 10:21:03'),(39,24,29,'Cumque dolores ab facere totam provident quia hic enim. Officiis tenetur nam earum quia aut excepturi. Non consequatur est omnis. Accusamus soluta accusantium quia sint temporibus rem eum consequatur. Et omnis ad laborum temporibus.',51,1,0,'2015-05-31 23:27:01'),(40,45,50,'Quidem laudantium perspiciatis recusandae eaque. Quasi provident exercitationem rerum vel praesentium iusto sit. Repudiandae est numquam et voluptatem eum. Sint error et esse at.',68,0,0,'2013-02-08 05:20:34'),(41,13,81,'Velit consectetur dicta eius quo id similique. Voluptatem consequuntur doloremque velit et blanditiis. Illum ea illo architecto.',86,1,0,'2019-08-04 00:10:10'),(42,64,6,'Iste eligendi dolore itaque voluptatem non esse at. Modi sint voluptas libero sit sunt reiciendis. Quos blanditiis blanditiis reiciendis. Voluptas est et non aliquam tempore alias laudantium.',26,0,1,'2020-02-05 03:27:45'),(43,91,84,'Nihil voluptas molestiae placeat est corporis. Et minima quia expedita ad. Et nesciunt recusandae qui temporibus non corrupti quae. In blanditiis explicabo illum. Ea quia quos iste non aut.',72,1,1,'2020-05-15 00:44:12'),(44,21,97,'Aspernatur qui vitae fuga temporibus aspernatur qui sapiente quos. Doloribus qui porro temporibus velit ea sed occaecati eum. Ratione quasi molestias ea. Fugit vitae maiores in aut.',81,1,1,'2012-05-28 05:07:38'),(45,92,72,'Repudiandae dolores qui sapiente ex dolorem eos. Perspiciatis animi adipisci non distinctio id ipsam sed. Consequatur earum fugit tenetur tenetur dolor eaque id. Quos quis non cum et sapiente reprehenderit. Corporis sed distinctio ratione iusto aut.',90,1,0,'2012-11-06 05:50:04'),(46,55,3,'Id pariatur suscipit numquam et reprehenderit dignissimos recusandae aperiam. Repellendus ut sit vel et amet ut aut. Ratione magni consequatur corrupti. Assumenda corporis sapiente laborum et expedita illum praesentium. Enim ut incidunt quasi iusto aut commodi.',7,1,0,'2013-09-28 21:31:37'),(47,17,96,'Et maxime quas voluptatem sit illum provident. Iusto aut maxime et sapiente. Non vel at iusto necessitatibus quibusdam. Aut alias atque dolore ipsum rem.',65,1,0,'2018-11-15 14:11:53'),(48,12,96,'Suscipit aut illum temporibus. Consequatur in aut ex minus voluptatem impedit. Culpa praesentium accusantium pariatur saepe dolores quo atque. Qui delectus similique qui aut excepturi similique provident.',3,0,0,'2017-05-17 23:19:03'),(49,100,44,'Architecto ducimus perferendis vel corporis iure cumque ut. Error ea sint dignissimos omnis fugit. Consequuntur quam sit velit et. Officiis magni iste aperiam magni qui ipsa libero sit.',19,0,0,'2015-09-03 03:07:54'),(50,48,89,'Cum neque aut tenetur. Veniam tempore quis voluptas optio. Autem molestias est magni et autem aut ea.',85,1,1,'2011-04-29 01:18:15'),(51,9,69,'Vel corrupti qui earum modi atque quis aut. Provident sit accusantium possimus eius suscipit aliquam. Rem quidem illum ullam pariatur quia consequatur necessitatibus illo.',70,0,0,'2012-08-16 02:10:46'),(52,5,2,'Aspernatur aspernatur animi expedita occaecati. Sapiente minima aut repellendus vel qui. Praesentium repellat tempora temporibus fuga.',93,1,1,'2013-08-14 20:17:12'),(53,3,9,'Iste hic itaque aut vero. Veritatis officiis aut aut possimus veniam. Incidunt rerum aut voluptas. Magni velit voluptas id et odit voluptatibus ut assumenda.',55,1,0,'2017-11-27 02:43:21'),(54,99,50,'Natus libero est quia debitis. Libero aut expedita atque corporis maiores possimus porro. Eius qui distinctio sint dolorem.',96,0,1,'2011-06-07 08:08:50'),(55,100,52,'Et nulla tenetur possimus non optio mollitia tempore. Ut necessitatibus est placeat. Dolor facilis placeat exercitationem rem reprehenderit libero ea.',14,1,0,'2012-12-22 01:55:18'),(56,50,8,'Pariatur fugiat accusamus dolore dolores. Explicabo qui velit et et ipsa aut voluptas. Quidem qui rem et officiis.',80,1,1,'2019-03-27 14:18:13'),(57,75,4,'Deleniti qui fuga qui dicta sunt quos est. Reiciendis ut quisquam ut quam adipisci quia. Sit error optio aut dolor earum odio. Mollitia sit totam unde tempore et saepe distinctio.',56,0,1,'2011-02-28 07:17:53'),(58,96,57,'Soluta voluptates dolor voluptatem ipsam ullam eius. Cumque officia illum sint deserunt dolorum amet. Accusantium facilis veritatis ut. Iste laudantium rerum aliquam at aut consequatur aliquid.',43,1,0,'2018-07-31 10:05:09'),(59,68,61,'Et odio vel ex hic quia in. Quia sed sint molestias culpa reiciendis sit. Et quae libero illum iure. Illo id ut fugit quia numquam laudantium reiciendis. Voluptas quia aliquid sit dignissimos eveniet consequatur natus.',46,0,0,'2018-04-29 02:01:12'),(60,75,92,'Dignissimos voluptate earum rem veritatis quas itaque aut. Perferendis enim rerum placeat fugiat earum aperiam. Iusto sed dolor labore consequuntur nemo. Qui et consequatur aperiam ut distinctio similique quis.',100,0,1,'2014-01-10 13:26:00'),(61,54,35,'Voluptates ea est ad corporis consequatur eum. Deleniti magnam voluptas debitis aut.',63,0,1,'2012-12-12 21:20:36'),(62,22,26,'Voluptas nihil voluptas quo excepturi. Omnis culpa quasi iusto repudiandae ullam. Natus earum soluta iure aliquam quia explicabo.',15,1,0,'2017-10-14 22:56:52'),(63,51,53,'Quia suscipit et qui impedit. Et rerum omnis pariatur aliquam iure iure modi.',83,1,0,'2020-06-08 11:59:12'),(64,93,34,'Eius iste delectus rerum ipsum enim. Reiciendis voluptatem consectetur hic recusandae delectus quo est. Quaerat beatae eius corporis mollitia fugiat dolor. Veritatis repellendus voluptatem qui alias distinctio delectus.',71,0,1,'2016-01-16 04:10:49'),(65,71,59,'Nihil earum non enim omnis facere. Dolorem nemo explicabo id enim inventore sunt. Quo quae tempora pariatur in quod harum culpa.',6,0,1,'2019-07-11 16:09:42'),(66,7,19,'Odio quam consequuntur eum fuga atque voluptatem ullam at. Necessitatibus voluptate quidem repudiandae rerum repellat odit. Ducimus velit reprehenderit enim nulla ut. Asperiores quam amet ea ducimus eum corrupti.',16,1,0,'2013-11-02 08:41:30'),(67,41,63,'Laudantium laborum doloribus vel neque. Aliquid magnam et ut quisquam non nisi. Quibusdam quia accusantium rerum perferendis incidunt quo. Praesentium earum et id.',62,1,1,'2016-07-14 04:31:02'),(68,51,91,'Ut tempora neque dolor aliquam quod quae natus. Qui et magnam labore sit consequatur quibusdam delectus. Excepturi dignissimos sit earum eum assumenda.',63,0,1,'2018-04-09 10:30:09'),(69,77,93,'Libero magni facere explicabo error ex dolores. Et ullam iure facere maxime quasi veniam accusamus. Corporis dolorem similique est exercitationem velit ad ut.',26,1,0,'2011-10-12 12:52:03'),(70,25,35,'Assumenda atque tempora ad. Quia hic corporis nesciunt nesciunt quos. Ullam est laborum maxime quae. Excepturi molestiae veniam mollitia dolore saepe consequuntur.',40,1,1,'2017-10-30 02:30:41'),(71,10,60,'Itaque impedit dignissimos consequatur quisquam voluptatibus architecto qui. Facilis molestiae distinctio ea sit id. Labore error vel sint maxime reprehenderit.',21,0,0,'2017-10-21 00:11:36'),(72,37,67,'Aut minus quidem quibusdam eos quod. Recusandae eum mollitia voluptatum enim rerum. Ut excepturi nemo non eos et.',84,0,1,'2018-03-21 13:24:01'),(73,63,74,'Et consequatur qui mollitia aut. Soluta repudiandae magni qui non dolorem officiis quis laudantium. Quis dolores distinctio animi officiis occaecati tempora corrupti.',57,1,1,'2015-10-23 06:45:20'),(74,74,96,'Numquam eaque ut ipsam et deserunt deserunt dolorem exercitationem. Quod deserunt quas ut. Eos enim illum et ex.',35,0,1,'2015-01-11 02:18:16'),(75,37,55,'Provident sed quod eligendi soluta ipsa facere. Sequi vero voluptatibus quia qui quia omnis assumenda reiciendis. Molestiae odit voluptatibus sint. Quia voluptates eaque inventore sed libero.',100,1,0,'2015-08-08 06:19:44'),(76,96,88,'Et facere ipsa veniam aliquam non dolores hic. Enim qui deleniti rem in porro sapiente placeat. Sunt iusto consequuntur iure vitae iusto et. Sit voluptas similique aut.',97,0,1,'2016-10-04 04:00:23'),(77,92,47,'Distinctio tenetur dolores saepe vel qui sunt nostrum. Placeat ipsa quibusdam minus alias. Sed vero excepturi numquam facere sint debitis aperiam.',85,0,1,'2014-01-09 11:38:14'),(78,73,54,'Officia eveniet quos cum saepe provident ullam dolorem ut. Aliquid voluptatem rerum esse ut ut rerum. Qui deleniti nulla eligendi rerum tenetur sapiente amet.',32,0,0,'2012-04-28 15:24:12'),(79,68,21,'Repudiandae facere nobis vero voluptatem. Officia itaque doloremque ut consequatur quidem perspiciatis rerum. Repudiandae ut rerum a ut sed inventore.',5,0,0,'2016-06-25 03:39:58'),(80,45,44,'Voluptas dignissimos nihil laborum mollitia voluptatibus. Quisquam et et cupiditate id saepe nostrum ut. In est ut et.',30,1,0,'2011-08-27 20:25:05'),(81,17,94,'Aut libero tempore possimus qui quia qui et. Eius dolorem dolorum et occaecati quasi ut. Magni non rerum eum quibusdam aut.',33,0,0,'2012-12-28 16:33:25'),(82,43,74,'Nobis dignissimos dolorem harum eveniet deleniti. Qui aut libero eos et est ut dicta.',75,1,1,'2014-04-17 20:38:22'),(83,79,2,'Similique nisi quo culpa consequatur. Nostrum odit est hic fugit illo enim et. Voluptatum est vero delectus odit itaque ipsam assumenda. Qui et ut illum aut vero voluptatem quas. Distinctio a dicta aut tempore.',76,1,1,'2020-08-28 10:09:09'),(84,25,42,'Eligendi fugiat aut dolorem illum aut. Nihil ea illo debitis suscipit perspiciatis harum ipsa. Rem velit eaque ex qui quaerat aut.',53,0,1,'2012-11-06 18:28:42'),(85,95,48,'Tenetur illum corrupti quo nihil harum aut aut consequatur. Dolorem sunt et hic voluptatem ratione modi. Quia voluptatem at placeat commodi ipsam. Et atque reprehenderit ex quas debitis debitis distinctio.',37,0,1,'2011-06-22 19:17:47'),(86,73,41,'Doloremque ducimus similique deleniti sequi natus. Rerum perferendis voluptates impedit reprehenderit sapiente eius. Consequatur veniam dolores aliquid. Officia pariatur eum similique voluptatem officiis ut porro. Cum suscipit dolores est voluptatem molestiae doloremque consequatur.',26,0,1,'2015-05-30 02:38:59'),(87,76,69,'Non asperiores et occaecati consequatur dolor repellendus quia. Accusamus ad sint quisquam. Aut nulla aut omnis iste magnam. Et qui non voluptatem quae quas.',17,0,0,'2019-09-15 07:17:27'),(88,83,94,'Et at quia aut fugiat. Officia numquam voluptas iusto rem sed sed. Fugit cumque sequi minus repudiandae quia quod quibusdam.',7,1,1,'2018-03-18 21:59:06'),(89,47,5,'Asperiores et ea quas velit consequatur ad iure. Molestias eligendi dolor et iure suscipit quaerat. Eum illum veritatis doloremque est sunt.',85,1,0,'2018-12-14 05:57:29'),(90,58,10,'Hic nemo recusandae quis saepe ut. Tempora vel dolores unde tempora tempore voluptates non. Porro occaecati distinctio cum assumenda non est porro.',4,1,1,'2013-03-13 05:10:23'),(91,27,53,'Aut et consequatur qui impedit enim illum quas voluptate. Amet autem pariatur ab vitae est laboriosam. Voluptatem et odio laudantium architecto. Occaecati consectetur soluta quia tenetur laboriosam.',63,1,1,'2012-01-17 08:39:36'),(92,100,12,'Totam magni similique voluptatem ea quia officia hic. Aliquam culpa voluptatem et doloribus sed numquam libero. Corporis non est quia quasi. Enim autem qui ut itaque.',3,0,0,'2018-11-30 05:18:32'),(93,12,25,'Iure sed blanditiis voluptatem voluptatem est. Ducimus voluptas est dolorem facilis est. Aliquid mollitia facere maiores voluptates laborum quibusdam. Consequatur qui commodi maiores nam.',24,1,0,'2011-09-04 05:52:55'),(94,94,78,'Assumenda consequatur veniam et illo vel aut et. Minima maiores velit iure. Eveniet harum asperiores quae cumque doloribus consequatur voluptas earum.',10,1,1,'2015-05-05 05:21:12'),(95,61,24,'Libero laudantium eaque voluptatem odit. Repudiandae blanditiis atque qui facilis inventore dolorem. Recusandae libero recusandae ut ipsum ipsum. Sit est magnam eius est possimus iure sequi ipsum.',80,0,1,'2018-11-29 22:13:30'),(96,49,42,'Quo eveniet tempore et. Consectetur cumque dicta iste et. Nihil harum sed earum corporis eligendi animi optio.',69,0,1,'2018-12-11 05:53:52'),(97,35,81,'Quas amet commodi omnis cum. Sed velit est mollitia tempora delectus consequatur doloribus. Dolor officia harum veniam quia explicabo autem facilis veritatis.',5,0,1,'2016-04-01 04:51:29'),(98,61,25,'Qui sed est dolorem inventore. Pariatur commodi praesentium ullam voluptatem tempora. Dolores voluptas est recusandae quis nihil sunt.',19,1,0,'2017-12-27 10:04:32'),(99,11,31,'Alias et repellendus dolores suscipit accusantium veniam consequatur. Non vitae illo eum enim est. Natus sint atque vitae odit eos alias placeat. Iusto eaque quas nisi nemo voluptatem.',76,1,0,'2015-11-08 22:23:40'),(100,77,40,'Quam autem officiis laudantium. Dicta impedit corrupti tenetur distinctio. Suscipit ut ea culpa ea officiis.',25,1,1,'2017-12-31 18:55:47');
/*!40000 ALTER TABLE `messages` ENABLE KEYS */;
UNLOCK TABLES;

--
-- Table structure for table `profiles`
--

DROP TABLE IF EXISTS `profiles`;
/*!40101 SET @saved_cs_client     = @@character_set_client */;
/*!50503 SET character_set_client = utf8mb4 */;
CREATE TABLE `profiles` (
  `user_id` int unsigned NOT NULL COMMENT 'Ссылка на пользователя',
  `gender` enum('M','F') COLLATE utf8_unicode_ci NOT NULL,
  `birthday` date DEFAULT NULL COMMENT 'Дата рождения',
  `city` varchar(130) CHARACTER SET utf8 COLLATE utf8_unicode_ci DEFAULT NULL COMMENT 'Город проживания',
  `country` varchar(130) CHARACTER SET utf8 COLLATE utf8_unicode_ci DEFAULT NULL COMMENT 'Страна проживания',
  `created_at` datetime DEFAULT CURRENT_TIMESTAMP COMMENT 'Время создания строки',
  `updated_at` datetime DEFAULT CURRENT_TIMESTAMP ON UPDATE CURRENT_TIMESTAMP COMMENT 'Время обновления строки',
  PRIMARY KEY (`user_id`)
) ENGINE=InnoDB DEFAULT CHARSET=utf8 COLLATE=utf8_unicode_ci COMMENT='Профили';
/*!40101 SET character_set_client = @saved_cs_client */;

--
-- Dumping data for table `profiles`
--

LOCK TABLES `profiles` WRITE;
/*!40000 ALTER TABLE `profiles` DISABLE KEYS */;
INSERT INTO `profiles` VALUES (1,'F','1993-08-20','Mosciskifurt','Belize','2016-12-08 08:10:32','2018-08-20 18:35:32'),(2,'F','2010-01-16','Kimberlybury','Paraguay','2011-12-01 17:17:57','2013-06-13 20:53:19'),(3,'F','2015-05-15','New Devante','Northern Mariana Islands','2014-01-29 13:34:40','2020-08-07 14:16:12'),(4,'M','2010-11-21','New Lesliechester','Botswana','2020-07-05 22:55:14','2020-11-17 16:58:42'),(5,'F','1991-11-07','South Leif','Czech Republic','2019-09-14 21:23:03','2020-02-20 11:35:18'),(6,'F','1975-08-09','South Ilianatown','Uruguay','2014-07-31 11:14:33','2018-03-30 16:32:23'),(7,'M','1979-12-01','Kaileemouth','United Kingdom','2015-05-14 07:59:22','2016-11-28 04:34:24'),(8,'M','2000-11-05','Lake Rachaelmouth','Hungary','2018-01-12 12:05:14','2020-11-17 16:58:42'),(9,'M','1972-01-10','Jaylenland','Colombia','2020-10-26 12:19:28','2020-11-17 16:58:42'),(10,'F','2013-11-23','Juddchester','Serbia','2011-07-16 10:56:43','2020-11-17 16:58:42'),(11,'F','2004-10-04','Hermistonborough','Chad','2019-05-14 07:22:08','2020-11-17 16:58:42'),(12,'M','1995-07-22','Lake Mohammadshire','Anguilla','2013-01-12 17:53:53','2015-04-14 10:51:31'),(13,'M','1992-05-06','Port Ethylview','Iraq','2016-11-15 20:22:53','2018-09-22 04:50:10'),(14,'M','1970-08-05','Addietown','Solomon Islands','2020-07-30 20:08:53','2020-11-17 16:58:42'),(15,'F','1981-05-24','New Nyasiaborough','Jersey','2015-01-06 09:20:30','2015-06-14 04:47:10'),(16,'M','2004-03-30','Gerlachville','Guam','2015-02-25 15:06:55','2016-02-20 01:15:26'),(17,'F','2004-06-22','Marvinton','Malaysia','2013-08-20 02:27:43','2017-09-04 06:28:57'),(18,'F','2007-05-06','Lake Nickshire','Slovakia (Slovak Republic)','2018-03-13 22:23:57','2020-11-17 16:58:42'),(19,'M','1988-12-21','South Faemouth','Tonga','2015-01-04 17:22:38','2020-11-17 16:58:42'),(20,'F','1971-05-19','Daughertyborough','Swaziland','2015-01-25 01:33:19','2020-11-17 16:58:42'),(21,'F','2005-01-13','Feilborough','Guatemala','2012-02-14 07:36:16','2016-08-23 22:38:18'),(22,'M','2007-10-24','North Gilbertobury','Austria','2013-07-13 13:41:11','2020-11-17 16:58:42'),(23,'F','1976-02-26','West Lane','Heard Island and McDonald Islands','2011-03-20 20:54:13','2017-08-21 04:49:55'),(24,'M','2010-06-08','Emilianofurt','Equatorial Guinea','2014-05-22 23:43:03','2019-09-29 16:20:13'),(25,'M','2020-07-01','Margemouth','Bosnia and Herzegovina','2017-03-27 05:01:29','2020-11-17 16:58:42'),(26,'M','2007-01-24','North Carson','Swaziland','2013-07-27 06:01:10','2014-11-26 03:43:03'),(27,'M','2017-10-09','O\'Connershire','Uzbekistan','2019-12-26 04:49:08','2020-11-17 16:58:42'),(28,'M','2013-07-21','Johnsonberg','China','2018-04-21 10:59:42','2020-11-17 16:58:42'),(29,'M','2011-08-13','East Karsonhaven','Guyana','2016-07-26 15:23:04','2020-11-17 16:58:42'),(30,'M','1995-02-11','Port Luistown','Cayman Islands','2017-06-04 06:49:37','2019-05-01 20:50:47'),(31,'F','2020-07-27','Bartolettiland','Switzerland','2016-03-18 14:15:17','2019-08-11 10:44:56'),(32,'F','2009-04-01','East Cielo','Somalia','2011-09-23 22:22:57','2013-07-31 17:15:08'),(33,'F','1992-06-20','North Moriah','Hungary','2011-09-16 10:57:32','2017-08-01 06:52:49'),(34,'F','1994-12-26','Lake Monroetown','Malawi','2020-04-27 14:36:25','2020-11-17 16:58:42'),(35,'M','1978-11-27','North Marianville','El Salvador','2013-12-28 18:07:09','2016-11-20 22:23:00'),(36,'M','1991-10-20','Andreaneview','Sao Tome and Principe','2011-09-07 08:42:44','2015-07-20 12:44:35'),(37,'M','1991-07-09','Willieland','Uruguay','2011-12-01 16:55:36','2016-02-28 05:48:25'),(38,'F','1993-01-06','New Anyaport','Mexico','2017-09-08 18:41:49','2020-11-17 16:58:42'),(39,'F','2002-09-19','East Lonnie','Uruguay','2017-05-13 19:55:58','2019-09-27 15:38:19'),(40,'M','1997-07-16','West Kyleigh','Argentina','2013-11-24 00:57:57','2018-11-17 00:36:48'),(41,'F','2020-03-11','Rosinaborough','Botswana','2011-07-20 13:47:30','2016-09-13 12:10:42'),(42,'F','1973-03-29','Lake Barrettchester','Sri Lanka','2018-07-10 01:49:39','2020-11-17 16:58:42'),(43,'F','2017-10-09','Lake Jovani','Zambia','2020-05-28 21:43:48','2020-11-17 16:58:42'),(44,'M','2017-09-23','South Leoneborough','Kiribati','2011-03-22 18:58:46','2017-05-06 01:36:29'),(45,'M','2006-10-25','Caylamouth','Nepal','2012-01-08 04:38:29','2017-06-13 16:51:55'),(46,'F','1995-10-24','South Halie','United Arab Emirates','2012-10-31 20:52:52','2020-11-17 16:58:42'),(47,'F','1983-07-23','Antoinettefurt','Denmark','2013-12-27 20:25:01','2017-02-09 08:31:23'),(48,'M','2008-12-02','Port Serenatown','British Virgin Islands','2013-07-17 14:36:48','2020-07-03 11:27:40'),(49,'F','2005-03-10','Port Hymanfort','Saint Martin','2013-05-23 11:01:44','2015-06-10 07:44:08'),(50,'F','1981-05-30','New Laila','Guadeloupe','2011-06-17 12:27:57','2012-05-04 10:41:04'),(51,'F','1986-12-18','Beierland','Norfolk Island','2012-10-23 04:01:55','2020-11-17 16:58:42'),(52,'F','1989-07-11','South Darrelville','Romania','2013-03-29 07:52:34','2018-12-27 08:40:40'),(53,'M','2011-10-17','North Arielleside','Saint Kitts and Nevis','2015-07-12 06:46:13','2020-11-17 16:58:42'),(54,'M','1984-02-17','Pouroston','Bosnia and Herzegovina','2017-09-20 02:52:40','2020-11-17 16:58:42'),(55,'F','2011-02-22','South Daxberg','Netherlands Antilles','2017-07-07 07:46:50','2020-11-17 16:58:42'),(56,'F','1991-10-09','Kreigerton','United States Minor Outlying Islands','2015-01-25 15:17:53','2020-11-17 16:58:42'),(57,'F','1983-08-28','Lake Feltonhaven','Kiribati','2013-10-07 11:19:22','2015-11-09 20:22:03'),(58,'M','2004-08-03','Ebertmouth','Lithuania','2012-06-03 01:36:53','2016-02-24 19:54:07'),(59,'F','2018-12-11','Morarton','Faroe Islands','2018-08-28 04:01:11','2020-11-17 16:58:42'),(60,'M','2014-08-07','East Roycemouth','Armenia','2013-08-22 03:50:17','2014-11-17 07:00:21'),(61,'M','2016-05-02','Lake Elouise','France','2012-11-05 19:56:27','2016-11-09 21:08:26'),(62,'F','2002-06-07','Port Jodyton','Ethiopia','2016-01-20 09:08:29','2018-01-30 18:32:47'),(63,'M','1973-03-14','Lake Brayan','Lebanon','2020-09-25 18:22:15','2020-11-17 16:58:42'),(64,'F','2002-08-08','Gleasonberg','Brunei Darussalam','2014-05-23 22:12:16','2018-03-23 02:24:42'),(65,'M','2009-03-30','South Rickieburgh','Germany','2013-04-01 19:20:15','2019-05-03 07:01:27'),(66,'M','1983-01-31','Fadelside','Canada','2018-09-27 15:22:44','2020-11-17 16:58:42'),(67,'F','1975-10-16','South Alexander','Namibia','2017-09-14 22:57:14','2020-11-17 16:58:42'),(68,'M','1986-01-07','Collierborough','Aruba','2010-12-24 09:54:26','2017-02-24 00:20:46'),(69,'F','2006-05-02','Effertzfort','United Arab Emirates','2012-10-20 11:30:12','2015-11-04 06:08:11'),(70,'F','2014-01-21','South Salvatoreview','British Indian Ocean Territory (Chagos Archipelago)','2018-09-25 16:22:18','2020-06-10 03:35:16'),(71,'F','1993-11-26','West Erin','Montenegro','2016-08-31 18:41:38','2020-11-17 16:58:42'),(72,'F','1991-12-07','West Agustina','Bhutan','2015-12-29 10:22:44','2020-11-17 16:58:42'),(73,'F','2008-01-27','South Jeaniemouth','Iceland','2013-04-16 14:10:57','2020-11-17 16:58:42'),(74,'M','1976-09-07','Port Lisa','Libyan Arab Jamahiriya','2013-03-03 16:21:57','2020-11-17 16:58:42'),(75,'F','1982-08-15','North Jaida','Costa Rica','2016-12-05 11:35:11','2018-08-23 11:46:24'),(76,'F','2012-12-16','Osborneland','Nicaragua','2014-02-07 19:32:43','2014-12-27 11:20:11'),(77,'M','1991-03-04','South Rahsaantown','Falkland Islands (Malvinas)','2012-05-01 15:48:26','2020-08-09 23:51:07'),(78,'F','1999-04-24','Port Malvinatown','Moldova','2019-01-03 04:11:07','2020-02-23 17:48:44'),(79,'F','1978-12-23','Emmitthaven','Cyprus','2018-09-23 15:46:52','2020-06-12 16:19:24'),(80,'M','1998-06-10','Larsonborough','Portugal','2020-04-12 18:39:27','2020-11-17 16:58:42'),(81,'F','1998-07-20','Port Lou','Pitcairn Islands','2012-01-28 04:14:39','2012-11-18 05:59:50'),(82,'F','2008-04-11','North Maximus','Samoa','2019-06-24 13:57:47','2020-11-17 16:58:42'),(83,'F','1995-09-05','North Dominic','India','2018-02-16 04:53:54','2020-11-17 16:58:42'),(84,'F','1998-10-07','O\'Konborough','Guadeloupe','2016-11-01 02:51:00','2020-11-17 16:58:42'),(85,'F','1974-09-12','Melissaville','Netherlands','2013-04-19 10:25:54','2013-10-01 07:38:41'),(86,'M','1992-08-23','South Josiah','Canada','2013-10-24 03:21:39','2020-11-17 16:58:42'),(87,'M','1989-09-09','Gleasonview','Antarctica (the territory South of 60 deg S)','2019-08-26 22:58:26','2020-11-17 16:58:42'),(88,'F','2012-04-03','Lake Marcosburgh','Northern Mariana Islands','2013-01-07 16:42:23','2020-11-17 16:58:42'),(89,'M','1990-05-02','Port Mohammedborough','Ecuador','2017-12-21 10:15:03','2019-04-08 07:15:59'),(90,'F','1980-01-12','Nitzschemouth','Tonga','2020-02-07 00:39:44','2020-11-17 16:58:42'),(91,'M','1973-03-19','Emeliaview','Tajikistan','2020-09-25 13:00:44','2020-11-17 16:58:42'),(92,'F','2020-04-13','West Dorcas','Wallis and Futuna','2014-10-26 10:59:25','2020-11-17 16:58:42'),(93,'M','2006-07-20','Port Anastaciomouth','Hong Kong','2019-08-17 02:41:50','2020-11-17 16:58:42'),(94,'M','2014-11-12','Jedstad','Comoros','2017-04-17 06:09:41','2020-11-17 16:58:42'),(95,'M','1985-07-03','North Lottieborough','Denmark','2016-11-16 06:44:59','2018-02-22 16:32:28'),(96,'M','1992-01-17','New Kristianburgh','Slovenia','2015-05-16 22:52:45','2020-11-17 16:58:42'),(97,'F','1986-02-18','New Sasha','Madagascar','2013-11-15 09:44:25','2018-10-02 16:44:31'),(98,'F','2002-01-11','Bernierstad','Liechtenstein','2017-07-30 05:30:20','2018-03-05 06:09:27'),(99,'F','1995-09-13','Lake Karineview','Argentina','2014-10-19 11:23:36','2018-12-08 21:59:41'),(100,'F','1981-06-20','North Sylvanfort','Cayman Islands','2018-08-27 18:27:21','2020-11-17 16:58:42');
/*!40000 ALTER TABLE `profiles` ENABLE KEYS */;
UNLOCK TABLES;

--
-- Table structure for table `users`
--

DROP TABLE IF EXISTS `users`;
/*!40101 SET @saved_cs_client     = @@character_set_client */;
/*!50503 SET character_set_client = utf8mb4 */;
CREATE TABLE `users` (
  `id` int unsigned NOT NULL AUTO_INCREMENT COMMENT 'Идентификатор строки',
  `first_name` varchar(100) CHARACTER SET utf8 COLLATE utf8_unicode_ci NOT NULL COMMENT 'Имя пользователя',
  `last_name` varchar(100) CHARACTER SET utf8 COLLATE utf8_unicode_ci NOT NULL COMMENT 'Фамилия пользователя',
  `email` varchar(100) CHARACTER SET utf8 COLLATE utf8_unicode_ci NOT NULL COMMENT 'Почта',
  `phone` varchar(100) CHARACTER SET utf8 COLLATE utf8_unicode_ci NOT NULL COMMENT 'Телефон',
  `created_at` datetime DEFAULT CURRENT_TIMESTAMP COMMENT 'Время создания строки',
  `updated_at` datetime DEFAULT CURRENT_TIMESTAMP ON UPDATE CURRENT_TIMESTAMP COMMENT 'Время обновления строки',
  PRIMARY KEY (`id`),
  UNIQUE KEY `email` (`email`),
  UNIQUE KEY `phone` (`phone`)
) ENGINE=InnoDB AUTO_INCREMENT=101 DEFAULT CHARSET=utf8 COLLATE=utf8_unicode_ci COMMENT='Пользователи';
/*!40101 SET character_set_client = @saved_cs_client */;

--
-- Dumping data for table `users`
--

LOCK TABLES `users` WRITE;
/*!40000 ALTER TABLE `users` DISABLE KEYS */;
INSERT INTO `users` VALUES (1,'Dena','Hills','ulangosh@example.net','1-804-003-9895x88409','2012-06-24 08:56:19','2020-11-17 16:43:11'),(2,'Stuart','Reichel','easton.emard@example.net','1-549-940-9134x98828','2019-07-24 06:15:50','2020-11-17 16:43:11'),(3,'Makayla','King','zcarroll@example.com','882-379-1346x87731','2019-06-04 18:02:30','2020-11-17 16:43:11'),(4,'Herminia','Ortiz','charley.conroy@example.net','518.370.5310x4901','2020-10-26 20:17:11','2020-11-17 16:43:11'),(5,'Cyril','Torp','xsanford@example.com','100.260.2479x12050','2020-08-11 10:51:34','2020-11-17 16:43:11'),(6,'Cody','Toy','denesik.claire@example.net','1-230-834-8162','2016-01-04 14:16:16','2018-08-02 13:19:03'),(7,'Ben','Greenholt','ugrimes@example.net','+31(0)5739013731','2018-04-24 03:32:12','2018-09-27 02:41:47'),(8,'Burley','Spinka','fschultz@example.net','(341)968-5194x2855','2010-11-16 07:09:27','2018-05-10 19:33:47'),(9,'Adolf','Johnston','rnader@example.net','(167)621-8527x542','2013-05-31 22:51:46','2020-11-17 16:43:11'),(10,'Grayson','Walter','dibbert.lucius@example.org','1-400-510-0514x5643','2012-10-13 23:59:34','2013-04-27 10:34:11'),(11,'Heaven','Hegmann','isaiah.baumbach@example.net','476-107-8062x42696','2016-09-17 13:29:32','2017-02-23 08:46:39'),(12,'Wilhelmine','Russel','evalyn.smitham@example.com','305.505.7407x75673','2017-01-14 22:47:53','2018-07-09 16:38:25'),(13,'Name','Klein','declan.mcdermott@example.net','+52(0)6801925254','2020-04-10 00:11:02','2020-11-17 16:43:11'),(14,'Jovan','Spinka','tdenesik@example.org','673-398-6829x2980','2018-02-02 22:05:38','2020-11-17 16:43:11'),(15,'Domenick','Olson','zolson@example.org','377-750-1851x0114','2016-04-16 11:35:21','2020-11-17 16:43:11'),(16,'May','Greenfelder','haleigh09@example.net','151-804-4100x78971','2020-09-20 09:32:57','2020-11-17 16:43:11'),(17,'Rubye','Rath','vsenger@example.com','035.748.1172x583','2015-09-27 08:07:23','2020-11-17 16:43:11'),(18,'Katheryn','Rutherford','timothy67@example.net','1-688-485-6555x5821','2014-01-20 03:15:20','2015-08-21 23:46:14'),(19,'Destin','McCullough','kaley.schaefer@example.org','736-009-1770x136','2013-03-11 22:17:13','2020-11-17 16:43:11'),(20,'Bella','Romaguera','wayne36@example.org','134.964.9105','2018-10-30 13:00:11','2020-11-17 16:43:11'),(21,'Roma','Sipes','hmante@example.org','(721)398-9762x79441','2019-06-06 08:17:46','2020-11-17 16:43:11'),(22,'Emilie','Hauck','wconsidine@example.org','981-831-9673x712','2011-08-05 17:01:45','2016-10-29 02:12:54'),(23,'Abigale','Armstrong','jgoldner@example.net','568-057-2437x716','2017-07-18 23:31:40','2020-11-17 16:43:11'),(24,'Gina','Lakin','emerson93@example.org','1-081-842-9511x34098','2020-01-14 19:24:20','2020-11-17 16:43:11'),(25,'Mya','Bechtelar','rolfson.newell@example.net','1-097-233-1170','2016-06-12 22:36:26','2019-07-18 12:05:07'),(26,'Karianne','Conroy','ypredovic@example.com','(101)617-7239','2015-06-17 09:13:33','2020-05-05 16:09:00'),(27,'Hattie','Bernier','mann.branson@example.com','1-607-917-8523','2014-09-04 14:40:05','2020-11-07 16:13:46'),(28,'Giovanny','Wiegand','joanny71@example.com','1-571-181-7221x70610','2019-06-22 03:16:33','2020-11-17 16:43:11'),(29,'Araceli','Pagac','hbosco@example.org','459-888-9955x3379','2010-12-11 00:03:55','2013-11-10 20:30:51'),(30,'Myrtie','Nolan','nitzsche.janet@example.net','09245217093','2019-06-26 21:06:06','2020-11-17 16:43:11'),(31,'Nakia','Stehr','green.leann@example.org','1-963-857-4679','2019-02-25 14:54:08','2020-11-17 16:43:11'),(32,'Alexandria','Lemke','murray.sigmund@example.net','1-406-040-6361','2012-06-01 11:23:59','2020-01-29 20:09:17'),(33,'Kathryn','O\'Reilly','langworth.rosario@example.net','1-866-424-0573x80265','2015-10-01 03:08:23','2020-11-17 16:43:11'),(34,'Augustus','Fritsch','tevin48@example.net','279-668-6639x6805','2019-02-20 07:18:27','2020-11-17 16:43:11'),(35,'Lauren','Prosacco','ignacio38@example.com','496-455-8410','2012-07-14 19:58:51','2020-11-17 16:43:11'),(36,'Lisandro','Cronin','schuppe.twila@example.com','+39(9)4843170083','2018-09-04 20:03:45','2020-11-17 16:43:11'),(37,'Aliza','Balistreri','stehr.eino@example.net','756-294-3531','2018-06-06 19:45:00','2020-11-17 16:43:11'),(38,'Gus','O\'Keefe','dewayne97@example.com','745-782-3831x4220','2019-12-04 14:55:23','2020-11-17 16:43:11'),(39,'Nigel','Shields','haufderhar@example.net','167-788-1851','2011-12-15 10:14:00','2020-07-19 18:57:11'),(40,'Jaeden','Cartwright','eveum@example.org','09044144746','2013-04-15 02:03:10','2016-05-04 08:54:55'),(41,'Jamil','Boyle','nitzsche.clementine@example.com','(436)308-6863x223','2012-04-07 07:23:23','2014-06-29 05:57:41'),(42,'Gordon','Harris','runolfsdottir.dimitri@example.net','1-741-112-4674','2016-02-03 08:43:36','2020-11-17 16:43:11'),(43,'Maudie','DuBuque','abogisich@example.com','812.411.0404','2011-05-11 03:21:31','2017-04-22 11:23:09'),(44,'Devin','Fay','laverne.hills@example.org','09049850591','2016-06-02 17:28:46','2020-11-17 16:43:11'),(45,'Alicia','Weber','pete.schaden@example.com','(767)533-9388x42278','2020-10-16 03:40:59','2020-11-17 16:43:11'),(46,'Jamal','Murphy','friesen.columbus@example.com','(070)501-9523','2012-11-12 10:26:33','2017-07-30 21:19:41'),(47,'Otha','Beatty','vhansen@example.org','716.787.0903','2012-08-23 21:26:11','2020-11-17 16:43:11'),(48,'Alisha','Marvin','elaina35@example.net','732-334-3381x58777','2020-02-13 12:26:59','2020-11-17 16:43:11'),(49,'Sigrid','Steuber','haskell.moore@example.com','(804)023-1576x9894','2018-06-10 13:30:22','2020-11-17 16:43:11'),(50,'Marlene','Aufderhar','joshuah.balistreri@example.com','(233)475-3730','2017-11-27 04:19:55','2020-11-17 16:43:11'),(51,'Ron','Hodkiewicz','rippin.eloy@example.org','1-822-603-9251','2015-09-21 07:41:31','2019-04-02 05:04:33'),(52,'Angelina','Murphy','jaskolski.larry@example.org','(853)573-2422','2017-11-01 16:16:00','2018-03-27 20:12:14'),(53,'Maybelle','Parker','adams.leslie@example.net','763-152-0983x3499','2013-08-31 04:11:18','2016-10-05 17:41:52'),(54,'Selmer','Zieme','mmoore@example.org','1-281-520-4691','2015-01-31 17:46:44','2019-01-04 21:26:06'),(55,'Donato','Kling','lavada.grimes@example.com','573.856.0673','2020-04-10 16:13:11','2020-11-17 16:43:11'),(56,'Dorthy','Armstrong','harris.lew@example.org','01915209434','2018-01-25 23:18:58','2020-11-17 16:43:11'),(57,'Erwin','Jast','vivien09@example.net','02442739935','2014-08-05 23:21:04','2020-11-17 16:43:11'),(58,'Josefina','Batz','alyce.lowe@example.net','095-078-8290','2019-11-05 13:03:16','2020-03-02 14:14:37'),(59,'Vivien','Brown','slebsack@example.com','107-064-2595x7932','2018-05-24 04:50:51','2020-11-17 16:43:11'),(60,'Janis','Schneider','champlin.arely@example.net','218.471.7210','2018-12-02 03:30:53','2020-11-17 16:43:11'),(61,'Ceasar','Haley','claudine.kuhic@example.net','861-499-0796x41306','2014-12-12 17:51:12','2020-03-11 08:45:31'),(62,'Silas','Beahan','elubowitz@example.com','(571)982-9404','2015-12-08 09:08:19','2020-11-17 16:43:11'),(63,'Lorenza','Little','iprice@example.net','1-272-441-4949x225','2012-10-11 10:44:13','2020-11-17 16:43:11'),(64,'Fredy','Steuber','ischimmel@example.com','410.511.4296','2018-08-07 01:38:18','2019-05-20 11:29:23'),(65,'Ike','Champlin','lambert.wisozk@example.com','561.079.5177x762','2013-03-11 02:45:33','2013-11-02 10:50:03'),(66,'Laverne','Kovacek','ratke.cordie@example.net','1-976-121-5204x166','2013-06-29 02:51:20','2020-06-15 06:53:34'),(67,'Jamison','Braun','verla04@example.com','1-705-377-7014x2518','2016-03-09 16:30:08','2020-11-17 16:43:11'),(68,'Maxime','Hoppe','adrain31@example.com','(000)665-7391','2010-11-29 02:44:29','2019-07-29 13:51:40'),(69,'Rafaela','Powlowski','lora.pfannerstill@example.com','124.951.0385x1135','2012-06-27 19:19:16','2014-02-01 08:15:36'),(70,'Adelia','Runolfsson','zdaugherty@example.com','688-992-1513x6879','2017-11-09 02:34:48','2020-11-17 16:43:11'),(71,'Roberta','Lindgren','ucartwright@example.net','(741)160-7179','2018-04-10 13:02:40','2018-11-08 09:08:21'),(72,'Cortez','Anderson','matilde89@example.org','659.581.0725x660','2016-03-31 23:44:26','2020-02-25 20:02:01'),(73,'Lamont','Herman','griffin08@example.com','069-441-6743x34370','2011-08-10 04:01:17','2012-04-19 01:10:28'),(74,'Ansley','Kozey','koss.marcelino@example.org','767-221-6768x3967','2013-03-21 15:33:32','2016-07-03 18:27:00'),(75,'Cordie','Ebert','friesen.keaton@example.org','409.590.9446x91135','2012-02-01 12:36:01','2020-11-17 16:43:11'),(76,'Hunter','Lynch','sabryna.torphy@example.com','1-058-964-3314','2011-05-04 08:54:15','2012-02-02 17:36:55'),(77,'Dominique','Kihn','hrau@example.org','776-609-4791x5191','2019-02-20 23:52:00','2020-11-17 16:43:11'),(78,'Johnson','Altenwerth','parisian.cordelia@example.com','+63(4)2689191888','2017-08-25 21:28:20','2020-11-17 16:43:11'),(79,'Crystel','Maggio','funk.trisha@example.net','1-684-738-1552','2012-11-25 21:12:05','2013-06-04 02:42:39'),(80,'Deion','Bins','vernice.blick@example.com','+23(7)6590434544','2019-03-29 20:51:39','2020-11-17 16:43:11'),(81,'Francisco','Waelchi','jess26@example.net','968-918-1942x4986','2017-03-02 19:54:23','2020-11-17 16:43:11'),(82,'Bertram','Fisher','ghudson@example.org','(925)797-5473','2017-08-17 02:52:04','2020-11-17 16:43:11'),(83,'Webster','Rolfson','weber.janie@example.net','08279906977','2017-07-12 06:12:55','2020-11-17 16:43:11'),(84,'Rory','Legros','boyle.shyann@example.com','777-122-2392','2018-11-19 17:12:55','2020-11-17 16:43:11'),(85,'Garnet','Kub','arden.bailey@example.org','469-228-9168x152','2012-09-19 03:36:42','2017-01-30 02:35:29'),(86,'Janice','Grady','kole.dickens@example.net','1-710-880-6713x099','2015-07-11 01:13:20','2015-08-01 20:29:15'),(87,'Bernita','Jacobson','jaiden.kohler@example.net','1-481-194-5284','2017-08-01 21:45:06','2020-11-17 16:43:11'),(88,'Vilma','Robel','ruth.abbott@example.com','473-677-2512','2019-05-01 16:21:46','2020-11-17 16:43:11'),(89,'Trever','Grant','purdy.grant@example.org','1-617-386-1029x193','2020-07-17 20:08:38','2020-11-17 16:43:11'),(90,'Clemmie','Gaylord','drutherford@example.net','1-599-459-8599x0382','2015-02-03 07:25:00','2020-11-17 16:43:11'),(91,'Anabelle','Nikolaus','mathilde.jerde@example.net','059.351.7504','2018-04-08 13:04:34','2020-11-17 16:43:11'),(92,'Mitchell','Schuster','bridget69@example.net','(438)462-1521x663','2011-12-29 19:03:18','2013-12-08 22:39:45'),(93,'Ressie','Bernier','baumbach.durward@example.net','1-984-696-7547x27733','2017-08-25 02:31:59','2020-11-17 16:43:11'),(94,'Rachael','Gerlach','ryan.verlie@example.net','017-258-0532','2010-11-30 18:10:58','2014-11-10 23:54:14'),(95,'Cristobal','Wiza','enola.mccullough@example.net','267.998.6953x80477','2017-07-15 08:13:53','2020-11-17 16:43:11'),(96,'Brando','Hilll','vherman@example.com','719.966.0365x31041','2012-04-10 14:35:34','2017-09-12 13:26:51'),(97,'Roselyn','Schoen','cyrus.cormier@example.net','913.364.2596x62239','2018-01-13 13:18:48','2020-11-17 16:43:11'),(98,'Rebecca','Ebert','vabernathy@example.com','1-213-242-4751','2013-05-29 18:56:11','2020-11-17 16:43:11'),(99,'Aliza','Wiegand','brice86@example.org','+00(9)3931836187','2015-09-27 06:32:47','2020-11-17 16:43:11'),(100,'Kali','Rowe','zlangosh@example.com','06554925968','2014-02-27 19:43:25','2020-11-17 16:43:11');
/*!40000 ALTER TABLE `users` ENABLE KEYS */;
UNLOCK TABLES;
/*!40103 SET TIME_ZONE=@OLD_TIME_ZONE */;

/*!40101 SET SQL_MODE=@OLD_SQL_MODE */;
/*!40014 SET FOREIGN_KEY_CHECKS=@OLD_FOREIGN_KEY_CHECKS */;
/*!40014 SET UNIQUE_CHECKS=@OLD_UNIQUE_CHECKS */;
/*!40101 SET CHARACTER_SET_CLIENT=@OLD_CHARACTER_SET_CLIENT */;
/*!40101 SET CHARACTER_SET_RESULTS=@OLD_CHARACTER_SET_RESULTS */;
/*!40101 SET COLLATION_CONNECTION=@OLD_COLLATION_CONNECTION */;
/*!40111 SET SQL_NOTES=@OLD_SQL_NOTES */;

-- Dump completed on 2020-11-17 23:18:27
